"phylum","reps"
"Chordata",1672929
"",1009533
"Mollusca",973789
"Arthropoda",692194
"Brachiopoda",456806
"MOLLUSCA",223285
"Echinodermata",166225
"Tracheophyta",142695
"Cnidaria",112814
"Foraminifera",82712
"Rhizopoda",80673
"Granuloreticulosa",65736
"Bryozoa",47355
"Arthrpoda",29900
"Porifera",28071
"ARTHROPODA",24691
"Annelida",20381
"ECHINODERMATA",18469
"Protozoa",9632
"CNIDARIA",9105
"Animalia",8370
"BRYOZOA",7885
"Hemichordata",6795
"Pteridospermophyta",6630
"Hadrosauridae",6579
"Bison",5595
"Angiospermae",5021
"Graptolithina",4936
"Pteridophyta",4922
"SARCOMASTIGOPHORA",4764
"Chlorophyta",4536
"Problematica",3908
"Rhizaria",3835
"Dinosauria",3487
"Mammalia",2981
"Sphenophyta",2909
"BRACHIOPODA",2824
"Lycophyta",2447
"Ichnofossil",2437
"Incertae sedis",2437
"Equus",2433
"Arthropoda | Crustacea",2413
"Ichnofossil (invertebrate)",2146
"Gymnospermae",1921
"Magnoliophyta",1520
"Unplaced",1437
"Coelenterata",1412
"Rangifer",1406
"Picea glauca",1374
"Sipuncula",1345
"Mammuthus",1341
"Ichnotaxon",1314
"ICHNOFOSSIL",1298
"Ovibos",1143
"Peromyscus sp.",1086
"Plantae",1012
"Sylvilagus sp.",973
"Platyhelminthes",964
"Cyanophyta",897
"Ichnofossil (vertebrate)",886
"Radiozoa",867
"ANNELIDA",865
"Echiura",819
"Cnidaeia",816
"Microtus",688
"Vertebrata",658
"Aves",650
"Bivalvia",597
"Archaeocyatha",577
"Neotoma sp.",555
"Sipunculoida",518
"Gastropoda",502
"Lepus sp.",485
"Onychophora",485
"Vulpes velox",472
"Lemmus",465
"Ochrophyta",410
"Coragyps occidentalis",400
"Microtus sp.",394
"Rodentia",390
"Spermophilus",362
"Notiosorex dalquesti",356
"Glomeromycota",354
"Canis latrans",345
"unidentifiable",329
"Neotoma cinerea",312
"Predicrostonyx hopkinsi",309
"Crotalus sp.",308
"Phrynosoma hernandesi",296
"Algae",289
"Myotis velifer",285
"Neotoma leucodon",281
"Nemertea",268
"Sylvilagus nuttallii",268
"Coluber or Masticophis",267
"Corvus corax",264
"Aztlanolagus agilis",255
"Microtus mogollonensis",253
"Conulariida",250
"Equus scotti",250
"Gnathostomulida",250
"Erethizon dorsatum",246
"Lycopodiophyta",245
"Proboscidea",241
"To be looked up",240
"Haptophyta",238
"Lemmiscus curtatus",238
"Sylvilagus audubonii",235
"Cyanobacteria",233
"UNKNOWN",227
"Equisetophyta",226
"Gallus gallus",225
"Pinophyta",224
"Angiosperms - Dicot",218
"Stromatolites",214
"Equus sp.",211
"Equus conversidens",206
"Osteichthyes",204
"Vulpes sp.",195
"Crotaphytus collaris",194
"Ceratopsidae",190
"Microtus montanus",190
"Sauria",190
"Anthozoa",187
"Microtus ochrogaster",177
"Coniferophytes",175
"Cynomys gunnisoni",172
"Sorex merriami",167
"HEMICHORDATA",166
"Mammuthus primigenius",165
"Rhodophyta",163
"Rock (geology)",163
"Lynx rufus",161
"Meleagris gallopavo",160
"Nematoda",160
"Sus scrofa",158
"Alces",152
"Priapulida",151
"Corvus neomexicanus",150
"Incomplete record",150
"Ursus americanus",150
"PORIFERA",149
"Perognathus sp.",148
"Callipepla sp.",146
"Neotoma pygmaea",144
"Stockoceros conklingi",143
"Trilobita",143
"Caracara cheriway",141
"Nematomorpha",139
"Pecten",128
"Marchantiophyta",127
"Thomomys bottae",127
"Radiolariida",123
"Mephitis mephitis",122
"Conodonta",121
"Thomomys talpoides",121
"Bison priscus",120
"Heterokontophyta",118
"Belemnoidea",117
"Bryophyta",116
"Artiodactyla",115
"Microtus pennsylvanicus",113
"Dipodomys spectabilis",112
"Pseudofossil",107
"Taxidea taxus",107
"Ctenophora",106
"Theropoda",106
"Thomomys sp.",105
"Angiosperms - Eurosids I (Fabids)",104
"Neotoma leucodon cf.",104
"Hemiauchenia macrocephala",103
"None",103
"Cratogeomys castanops",101
"Spilogale gracilis or Spilogale putorius",100
"Cnideria",99
"Odocoileus sp.",99
"Brachiopods",98
"Streptophyta",98
"Thamnophis sp.",98
"Charophyta",94
"Anaxyrus sp.",92
"Otospermophilus variegatus",92
"Chiroptera",89
"Spermatophyta",89
"Phenacomys",87
"Lycophyta (lycophytes)",85
"CHORDATA",84
"Rhyniophyta",84
"Lobopodia",83
"Neotoma albigula",83
"Spermophilus sp.",83
"Corvus sp.",81
"Macoma",79
"Icteridae",78
"Myotis sp.",77
"Neotominae",77
"Cynomys sp.",76
"Osteichthyes sp.",76
"Chodata",75
"Cyclocardia",75
"Trachaeophytes",75
"Arvicolinae",74
"Clinocardium",73
"Naticidae",73
"Neptunea",73
"Unknown",73
"Cephalopoda",72
"Chondrichthyes",72
"Equus scotti cf.",70
"Chrysemys picta or Trachemys gaigeae",69
"Insecta",69
"Nuculana",68
"Ambystoma mavortium",67
"Mustela frenata",67
"Reithrodontomys cf.",67
"Troodontidae",67
"Turritella",66
"Rangifer tarandus",65
"Serpentes",65
"Crinoidea",64
"Gymnogyps californianus",64
"Ammonoidea",63
"Trionyx spiniferus",62
"Anaxyrus punctatus",61
"Equus conversidens cf.",61
"Vulpes velox cf.",61
"Marmota flaviventris",60
"Myzostomida",60
"Tyrannosauridae",59
"Dipodomys sp.",58
"Neotoma mexicana",58
"Turritella hamiltonensis",58
"Bassariscus astutus",57
"Corynorhinus sp.",57
"Canis lupus",56
"Fringillidae",56
"Eptesicus fuscus",55
"Passeriformes sp.",53
"Dicrostonyx",52
"Nothrotheriops shastensis",52
"Phrynosoma modestum",51
"Cervidae",50
"Ovis aries",50
"Onychomys sp.",49
"Ornithischia",49
"Sylvilagus nuttallii cf.",49
"Tadarida brasiliensis",49
"Antilocapra americana",48
"Coragyps occidentalis cf.",48
"Dipodomys merriami or Dipodomys ordii",48
"Ictidomys tridecemlineatus cf.",48
"Mya",48
"Phrynosoma cornutum",48
"Pituophis catenifer",48
"Scaphiopus couchii",48
"Sylvilagus audubonii cf.",48
"Anura sp.",47
"Camelops hesternus cf.",47
"Ictidomys or Xerospermophilus",47
"Nemocardium",47
"Neotoma pygmaea cf.",47
"Capromeryx furcifer",46
"Chromista",46
"Notiosorex harrisi",46
"Antrozous pallidus",45
"Vendobionta",45
"Canis",44
"Corvus cryptoleucus",44
"Reithrodontomys sp.",44
"Tamias sp.",44
"Camelops hesternus",43
"Chaetognatha",43
"Lepus californicus",43
"Chrysophyta",42
"Cycadophyta",41
"Filicophyta",41
"Notiosorex sp.",41
"Scaphiopus or Spea",41
"Vulpes vulpes",41
"Invertebrate Phylum incertae sedis",40
"Progymnospermae",40
"Sciuridae sp.",40
"Sigmodon sp.",40
"Ornithopoda",39
"Sceloporus cf.",39
"Sigmodon hispidus",39
"Ugrunaaluk kuukpikensis",39
"Acila",38
"Spisula",38
"Canis latrans cf.",37
"Grus canadensis",37
"Nemertina",37
"Onychomys leucogaster",37
"Priscofusus stewarti",37
"Rotifera",37
"Troodon formosus",37
"Archaeocyathid",36
"Capromeryx sp.",36
"Geomys sp.",36
"Lepus californicus cf.",35
"Microtus longicaudus",35
"Sorex neomexicanus",35
"Diatoms",34
"Reptilia",34
"Euceratherium collinum",33
"Neotoma lepida",33
"Sialia sp.",33
"Sipunculida",33
"Bison ?",32
"Breagyps clarki",32
"Corvus cf.",32
"Mammut americanum",32
"Acanthocephala",31
"Actinopoda",31
"Anatidae sp.",31
"Bison antiquus cf.",31
"Lepus townsendii",31
"Salvadora sp.",31
"Urocitellus elegans",31
"Bubo virginianus",30
"Capra hircus",30
"Carnivora",30
"Cynomys or Spermophilus",30
"Gallus gallus cf.",30
"Gopherus morafkai",30
"Microtus mogollonensis cf.",30
"Phoronida",30
"Puma concolor",30
"Sylvilagus cf.",30
"Ovibos ?",29
"Pinna",29
"Sylvilagus floridanus or Sylvilagus nuttallii",29
"Urocyon cinereoargenteus",29
"Crotaphytus collaris cf.",28
"Myotis velifer cf.",28
"Ostreida",28
"Scleractinia",28
"Bogertophis subocularis",27
"Sceloporus undulatus cf.",27
"Balanus",26
"Camelops sp.",26
"Equus occidentalis",26
"Holbrookia maculata",26
"Laqueus californianus",26
"Neotoma mexicana cf.",26
"Serripes",26
"Spea multiplicata",26
"Stylemys nebrascensis",26
"Actinopterygii",25
"Canidae sp.",25
"Dromaeosauridae",25
"Neotoma findleyi",25
"Petrochelidon fulva or Petrochelidon pyrrhonota",25
"Scaphopoda",25
"Testudinidae sp.",25
"Bison sp.",24
"Cophosaurus texanus",24
"Equus scotti ?",24
"Ovis or Capra",24
"Panthera",24
"Phrynosoma sp.",24
"Tardigrada",24
"Angiosperms - Eurosids II (Malvids)",23
"Hiatella arctica",23
"Mammut",23
"Neotoma cinerea cf.",23
"Neptunea lyrata",23
"Peromyscus nasutus",23
"Spermophilus parryii",23
"Stockoceros conklingi cf.",23
"Urocyon or Vulpes",23
"Vulpes",23
"Cratogeomys or Geomys",22
"Dentalium",22
"Euspira",22
"Inoceramus",22
"Thomomys bottae cf.",22
"Ursus",22
"Aspidoscelis sp.",21
"Gymnospermophyta",21
"Lampropeltis getula",21
"Mammuthus sp.",21
"Nemocardium lorenzanum",21
"Neotoma stephensi",21
"Odocoileus cf.",21
"Onychomys arenicola",21
"Ostrea",21
"Peromyscus maniculatus",21
"Priscofusus",21
"Protista",21
"Tympanuchus pallidicinctus",21
"Vetulicolia?",21
"Aquila chrysaetos",20
"Callipepla cf.",20
"Patinopecten",20
"Rhinocheilus lecontei",20
"Therapoda",20
"Accipitridae sp.",19
"Agmata",19
"Ascomycota",19
"Cryptotis parva",19
"Mytilus",19
"Nectosaurus sp.",19
"Perognathus flavus cf.",19
"Peromyscus laceianus",19
"Portlandia",19
"Vulpes cf.",19
"Agelaius phoeniceus",18
"Cyanocitta ?",18
"Cyclocardia ventricosa",18
"Entoprocta",18
"Glyptotherium texanum",18
"Microtus pennsylvanicus cf.",18
"undefinable",18
"Yoldia",18
"Antilocapra americana cf.",17
"Branta canadensis",17
"Canis sp.",17
"Dipodomys spectabilis cf.",17
"Equus conversidens ?",17
"Lepus townsendii cf.",17
"Mustelidae",17
"Onychomys or Peromyscus",17
"Pachyrhinosaurus",17
"Pteridospermatophyta",17
"Uncertain",17
"Arctodus simus",16
"Buteo sp.",16
"Equus occidentalis cf.",16
"Euceratherium cf.",16
"Falco mexicanus",16
"Fulica americana cf.",16
"Leporidae",16
"Myotis lucifugus",16
"Papyridea",16
"Phaeophyta",16
"Picea mariana",16
"Pipilo fuscus",16
"Pseudocardium pabloensis",16
"Sorex sp.",16
"Troodon",16
"Vermes",16
"Zosterophyllophyta",16
"Arvicolinae sp.",15
"Buchia",15
"Camelops cf.",15
"Canis familiaris cf.",15
"Capromeryx cf.",15
"Cervus elaphus",15
"Chelonia",15
"Desmodus stocki",15
"Echinoidea",15
"ichnofossil",15
"Macoma calcarea",15
"Macoma incongrua",15
"Metasequoia",15
"Neptunea tabulata",15
"Pantherophis emoryi",15
"Rangifer ?",15
"Sylvilagus floridanus",15
"Thomomys talpoides cf.",15
"Trimermophytophya",15
"Unionidae",15
"Ursidae",15
"Vulpes ?",15
"Anserinae",14
"Byrozoa",14
"Canidae",14
"Chaetodipus or Perognathus",14
"Conchocele disjuncta",14
"Cryptonatica affinis",14
"Euceratherium ?",14
"Hemiauchenia macrocephala cf.",14
"Lobopodia?",14
"Mephitis mephitis cf.",14
"Myotis cf.",14
"Ovis canadensis",14
"Sceloporus sp.",14
"Speleothem",14
"Strophatrypa skaflestadi",14
"Sylvilagus audubonii or Sylvilagus floridanus",14
"Symbos cavifrons",14
"Urosaurus ornatus",14
"Anaxyrus woodhousii woodhousii",13
"Antilocapridae sp.",13
"Brachylagus idahoensis",13
"Cancellaria",13
"Cetacea",13
"Chaetodipus sp.",13
"Clinocardium hannibali",13
"Cnidaria?",13
"Corynorhinus townsendii",13
"Cynomys ludovicianus",13
"Ictidomys tridecemlineatus",13
"Lama cf.",13
"Lithobates pipiens",13
"Mustela nigripes",13
"Mya truncata",13
"Odocoileus hemionus",13
"Ovis",13
"Passeriformes",13
"Peromyscus maniculatus cf.",13
"Phrynosoma hernandesi cf.",13
"Podiceps or Podilymbus",13
"Proboscidia",13
"Sorex neomexicanus cf.",13
"Taxidea taxus cf.",13
"Tympanuchus pallidicinctus cf.",13
"Xerospermophilus spilosoma",13
"Zenaida macroura",13
"Anas cf.",12
"Angiosperms - Eudicots",12
"Arthropoda?",12
"Aspidoscelis tigris cf.",12
"Calamospiza melanocorys",12
"Camelops ?",12
"Canis cf.",12
"Chaetodipus hispidus",12
"Charadriiformes sp.",12
"Chelonia sp.",12
"Corvus brachyrhynchos",12
"Dipodomys ordii cf.",12
"Equus cf.",12
"Eremophila alpestris",12
"Geomyidae sp.",12
"Gopherus cf.",12
"Hemiauchenia sp.",12
"Ichthyosauria",12
"Lagomorpha",12
"Lepus",12
"Lithobates sp.",12
"Mammuthus ?",12
"Mycetozoa",12
"Neotoma mexicana ?",12
"Neotoma micropus ?",12
"Ostrea idrianensis",12
"Sialia ?",12
"Sigmodon hispidus ?",12
"Urocyon cf.",12
"Alces ?",11
"Anas sp.",11
"Anatinae",11
"Anthropoda",11
"Aztlanolagus agilis cf.",11
"Camelidae sp.",11
"Canidae ?",11
"Canis familiaris",11
"Clinocardium ciliatum",11
"Corvus neomexicanus cf.",11
"Cynomys cf.",11
"Dinoflagellata",11
"Dipodomys ordii",11
"Equus ?",11
"Equus asinus",11
"Falco sparverius",11
"Geococcyx californianus conklingi",11
"Geomyidae",11
"Lepidophorus",11
"Mephitis sp.",11
"Mustela sp.",11
"Myotis lucifugus cf.",11
"Nannippus ?",11
"Neotoma cf.",11
"Panomya arctica",11
"Panthera atrox",11
"Panthera leo",11
"Panthera onca",11
"Periploma",11
"Perognathus cf.",11
"Pinnipedia",11
"Rhynchonellata",11
"Tabulata",11
"Trimorphodon vilkinsonii",11
"Ursus americanus cf.",11
"Actinobacteria",10
"Arizona elegans",10
"Beringius hertleini",10
"Bos taurus",10
"Canis lupus cf.",10
"Capra or Ovis",10
"Carnivora ?",10
"Chione",10
"CHRYSOPHYCOPHYTA",10
"Corvus ?",10
"Cynomys gunnisoni cf.",10
"Dentalium porterensis",10
"Dipodomys cf.",10
"Equus caballus",10
"Equus occidentalis ?",10
"Gopherus morafkai cf.",10
"Hypsiglena torquata",10
"Leptoceratopsidae",10
"Macoma arctata",10
"Nucella",10
"Odocoileus ?",10
"Odocoileus hemionus cf.",10
"Peromyscus cf.",10
"Peromyscus leucopus",10
"Pseudacris triseriata",10
"Puma concolor cf.",10
"Rugosa",10
"Sigmodon ochrognathus",10
"Tellina",10
"Thescelosauridae",10
"Thracia schencki",10
"Unranked",10
"Antilocapridae cf.",9
"Asio flammeus",9
"Astarte",9
"Canidae cf.",9
"Canis dirus cf.",9
"Clethrionomys rutilus",9
"Cynomys ludovicianus cf.",9
"Fulgoraria",9
"Fusinus stewarti",9
"Lagopus",9
"Macoma moesta moesta",9
"Macrocallista pittsburgensis",9
"Menispermites septentrionalis",9
"Neotoma goldmani ?",9
"Odobenus",9
"Ovibos moschatus",9
"Panomya",9
"Saxidomus popofianus",9
"Sceloporus undulatus",9
"Sorex merriami cf.",9
"Sus scrofa cf.",9
"Sylvilagus floridanus cf.",9
"Sylvilagus floridanus or Sylvilagus robustus",9
"Thescelosaurinae",9
"Ursus sp.",9
"Vulpes vulpes cf.",9
"Anaxyrus cf.",8
"Angiosperms - Monocotyledons",8
"Annelida?",8
"Aztlanolagus agilis ?",8
"Castor canadensis",8
"Cathartes aura",8
"Centrocercus urophasianus",8
"Colubridae",8
"Coragyps ?",8
"Corynorhinus cf.",8
"Cycliophora",8
"Cynomys mexicanus cf.",8
"Declinognathodus",8
"Ectoprocta",8
"Eocylindroteuthis riegrafi",8
"Equus calobatus",8
"Equus calobatus ?",8
"Equus calobatus cf.",8
"Equus francisci ?",8
"Fusinus",8
"Fusitriton oregonensis",8
"Geococcyx californianus",8
"Gomphotheriidae sp.",8
"Halobia",8
"Hyolitha",8
"Ichnites",8
"Macoma nasuta",8
"Microtus longicaudus cf.",8
"Microtus mogollonensis ?",8
"Morania nixonforkensis",8
"Morania wagneri",8
"Neolochriea",8
"Neotoma leucodon ?",8
"Neotoma micropus",8
"Ondatra zibethicus",8
"Otospermophilus variegatus cf.",8
"Peromyscus crinitus cf.",8
"Peromyscus laceianus cf.",8
"Pipilo fuscus cf.",8
"Pitar arnoldi",8
"Pituophis catenifer cf.",8
"Pitymys",8
"Sceloporus jarrovii cf.",8
"Spermophilus cf.",8
"Stockoceros conklingi ?",8
"Sturnella sp.",8
"Sylvilagus brasiliensis or Sylvilagus floridanus",8
"Sylvilagus floridanus ?",8
"Symbos",8
"Thomomys cf.",8
"Vulpes macrotis cf.",8
"Xerospermophilus spilosoma cf.",8
"Alces alces",7
"Anadara devincta",7
"Antilocapra americana ?",7
"Antilocapridae ?",7
"Archaeopus lunicarina",7
"Athene cunicularia",7
"Bubo virginianus cf.",7
"Buteo ?",7
"Buteo jamaicensis cf.",7
"Cancellaria crawfordiana",7
"Cervidae ?",7
"Coragyps cf.",7
"Corylites",7
"Cratogeomys castanops cf.",7
"Desmoinesia",7
"Gyalopion canum",7
"Heterodon nasicus",7
"Kewia kannoi",7
"Lemmus trimucronatus",7
"Lepus cf.",7
"Lycopsida",7
"Marmota",7
"Mytilus gratacapi",7
"Natica",7
"Neotoma ?",7
"Pinnidae",7
"Podicipedidae sp.",7
"Pogonophora",7
"Retaria",7
"Shonisaurus",7
"Sonora sp.",7
"Sylvilagus audubonii ?",7
"Ursus arctos",7
"Uta stansburiana",7
"Xanthocephalus cf.",7
"Acila empirensis",6
"Acila gettysburgensis",6
"Anas platyrhynchos cf.",6
"Angiosperms",6
"Antilocapra ?",6
"Artiodactyla ?",6
"Bovidae",6
"Branta canadensis cf.",6
"Buccinum",6
"Canis ?",6
"Canis lupus ?",6
"Carpodacus sp.",6
"Cavia porcellus cf.",6
"Colaptes auratus",6
"Colus halli",6
"Corylites beringianus",6
"Crotaphytus collaris ?",6
"Cryptonatica",6
"Dendraster gibbsii",6
"Diadophis punctatus",6
"Dosinia whitneyi",6
"Gallus gallus ?",6
"Geomys or Thomomys",6
"Gopherus sp.",6
"Hesperotestudo wilsoni",6
"Incertiae sedis",6
"Lucinoma acutilineata",6
"Lynx rufus cf.",6
"Macoma astori",6
"Microtus ochrogaster cf.",6
"Mollsuca",6
"Mollusca sp.",6
"Musculus",6
"Mustela frenata cf.",6
"Mya salmonensis",6
"Mytilus tichanovitchi",6
"Nannippus sp.",6
"Neotoma cinerea ?",6
"Neotoma floridana cf.",6
"Neotoma pygmaea ?",6
"Ovis canadensis cf.",6
"Pachydiscus",6
"Pandora yakatagensis",6
"Pecten cosibensis",6
"Pentastomida",6
"Perognathus flavus",6
"Peromyscus crinitus",6
"Petalonamae",6
"Plestiodon multivirgatus cf.",6
"Progymnospermophyta",6
"Rallidae sp.",6
"Rena sp.",6
"Saiga",6
"Sapelnikoviella santuccii",6
"Sceloporus clarkii cf.",6
"Spea bombifrons",6
"Spilogale cf.",6
"Trachemys gaigeae or Trachemys scripta",6
"Trochodendroides",6
"Villarroelia totoyoi",6
"Vulpes macrotis",6
"Anadara",5
"Ancistrolepis",5
"Angiosperms - Magnoliids",5
"Antilocapra or Stockoceros",5
"Antrozous pallidus cf.",5
"Aphelocoma californica ?",5
"Arthropodae",5
"Artiodactyla cf.",5
"Bacillariophyta",5
"Bison cf.",5
"Bison or Ovibos",5
"Buteo cf.",5
"Canis familiaris ?",5
"Canis familiaris or Canis latrans",5
"Capromeryx ?",5
"Cardiidae",5
"Cervus",5
"Conchocele",5
"Corvus corax cf.",5
"Cratogeomys cf.",5
"Crepidula",5
"Cyclocardia crebricostata",5
"Decapoda",5
"Diplodonta parilis",5
"Echinodermata?",5
"Ginkgo",5
"Ginkgophyta",5
"Glycymeris crescentensis",5
"Hemiauchenia cf.",5
"Hormogonales",5
"Hypacrosaurus",5
"Ichnotaxa",5
"Icteridae cf.",5
"Incilius alvarius",5
"Lemmiscus curtatus cf.",5
"Macoma lipara",5
"Macoma lorenzoensis arnoldi",5
"Mephitis cf.",5
"Mollusca?",5
"Mustelidae cf.",5
"Neotoma floridana ?",5
"Neotoma floridana or Neotoma micropus",5
"Neptunia",5
"Neverita",5
"Nothrotheriops shastensis cf.",5
"Nuculana washingtonensis",5
"Pectinidae",5
"Peromyscus boylii",5
"Peromyscus laceianus or Peromyscus truei",5
"Peromyscus nasutus cf.",5
"Phoca hispida",5
"Plestiodon obsoletus",5
"Proboscidea sp.",5
"Remondella waldroni",5
"Scaphiopus couchii cf.",5
"Sceloporus magister cf.",5
"Scleractinian ?",5
"Securella",5
"Spatangoida",5
"Spea sp.",5
"Taxaceae",5
"Terebratalia transversa",5
"Testudinidae",5
"Trionyx spiniferus cf.",5
"Tumion gracillimum",5
"Xenacoelomorpha",5
"Accipiter cooperii",4
"Acritarcha",4
"Amphibia sp.",4
"Anabernicula ?",4
"Anas ?",4
"Angiosperms - Commelinids",4
"Anser ?",4
"Antilocapra cf.",4
"Apalone sp.",4
"Aphelocoma californica cf.",4
"Aquila chrysaetos ?",4
"Aquila chrysaetos cf.",4
"Arborimus albipes",4
"Arctodus or Ursus",4
"Asio flammeus cf.",4
"Barnacles",4
"Bison bison",4
"Bogertophis subocularis cf.",4
"Bos taurus cf.",4
"Brachiopod",4
"Calippus sp.",4
"Canis dirus",4
"Capromeryx or Stockoceros",4
"Charadrius vociferus",4
"Chlamys",4
"Chordata | Vertebrata",4
"Choristites",4
"Clinocardium meekianum",4
"Coleoptera",4
"Coniferophyta",4
"Cratogeomys sp.",4
"Crotalus cf.",4
"Crustacea",4
"Cryptozoa",4
"Cyrtonyx cf.",4
"Dendraster coalingensis",4
"Edmontosaurus",4
"Elgaria kingii",4
"Emberizidae sp.",4
"Equus caballus cf.",4
"Erethizon dorsatum cf.",4
"Falconiformes sp.",4
"Foraminella",4
"Fulica americana",4
"Geomys cf.",4
"Gulo",4
"Gymnogyps californianus cf.",4
"Hemiauchenia ?",4
"Hemithiris psittacea",4
"Hesperotestudo wilsoni cf.",4
"Hirundo fulva or Hirundo pyrrhonota",4
"Holcophylloceras costiparsum",4
"Iguanidae sp.",4
"Kirkospira glacialis",4
"Lampropeltis getula cf.",4
"Lepus townsendii ?",4
"Lucinoma",4
"Lynx ?",4
"Lynx sp.",4
"Macrocallista",4
"Mammuthus meridionalis cf.",4
"Marmota flaviventris cf.",4
"Microtus longicaudus ?",4
"Myotis velifer ?",4
"Nannippus peninsulatus",4
"Neotoma albigula cf.",4
"Neotoma findleyi ?",4
"Neotoma leucodon or Neotoma micropus",4
"Nucula",4
"Ovis canadensis ?",4
"Panope",4
"Pantherophis emoryi cf.",4
"Perognathus flavus or Perognathus merriami",4
"Peromyscus boylii cf.",4
"Peromyscus truei",4
"Polinices galianoi",4
"Polinices ramonensis",4
"Prolicaphrium sanalfonensis",4
"Pseudacris triseriata cf.",4
"Pterostichus",4
"Quiscalus sp.",4
"Radiolaria",4
"Saiga tatarica",4
"Saurichthys",4
"Serpulidae",4
"Smilodon fatalis",4
"Sorex nanus",4
"Stephanoceras",4
"Subansiria",4
"Teredo",4
"Thyasira disjuncta",4
"Tomiopsis",4
"Trimerophytophyta",4
"Trophonopsis",4
"Urocyon cinereoargenteus cf.",4
"Yoldia biremis",4
"Yoldia scissurata",4
"Accipiter cooperii ?",3
"Accipitridae",3
"Anaxyrus cognatus",3
"Anaxyrus cognatus cf.",3
"Ancistrolepis eucosmius",3
"Angiosperms - Asterids",3
"Ankylosauridae",3
"Anomia",3
"Antiplanes",3
"Antiplanes voyi",3
"Ardeidae",3
"Aspidoscelis tigris",3
"Baiomys sp.",3
"Beringius crebricostatus",3
"Bogertophis or Elaphe",3
"Borophagus diversidens cf.",3
"Bos or Equus",3
"Brachylagus idahoensis ?",3
"Calcispongea",3
"Canis latrans ?",3
"Cardita",3
"Cathartes aura cf.",3
"Cephalorhyncha",3
"Chaetodipus cf.",3
"Chelonia ?",3
"Chlamys rubida",3
"Cidaroida",3
"Ciliophora",3
"Colus",3
"Coragyps occidentalis ?",3
"Crassatella washingtoniana",3
"Crepidula praerupta",3
"Cygnus",3
"Dendraster ashleyi",3
"Dentalium hecetaensis",3
"Desmostylidae",3
"Dipodomys merriami",3
"Epitonium",3
"Eptesicus fuscus cf.",3
"Equus francisci",3
"Equus pacificus",3
"Falco cf.",3
"Felis domesticus",3
"Fusitriton",3
"Geomys arenarius or Geomys bursarius",3
"Gulo gulo",3
"Hesperotestudo cf.",3
"Homalopoma wattsi",3
"Idiognathoides",3
"Lampropeltis pyromelana cf.",3
"Leptagonia",3
"Lepus californicus ?",3
"Linoproductus meniscus",3
"Lucina hannibali",3
"Lynx rufus ?",3
"Macoma inquinata",3
"Macoma moesta",3
"Mactra",3
"Mammuthus columbi cf.",3
"Microtus ?",3
"Microtus deceitensis",3
"Molllusca",3
"?Mollusca",3
"Molossidae sp.",3
"Muramotoceras",3
"Muridae",3
"Mustelidae ?",3
"Myotis thysanodes cf.",3
"Myrmicinae",3
"Mytilus snohomishensis",3
"Natica clausa",3
"Navahoceros ?",3
"Navahoceros fricki",3
"Navahoceros fricki ?",3
"Neotoma albigula ?",3
"Neotoma floridana",3
"Neotoma stephensi ?",3
"Nothrotheriops cf.",3
"Numenius americanus",3
"Odontophoridae sp.",3
"Onychomys arenicola cf.",3
"Onychomys cf.",3
"Onychomys leucogaster cf.",3
"Ophiuroidea",3
"Oreamnos ?",3
"Ovis canadensis or Ovis catclawensis",3
"Pachycephalosauridae",3
"Parataxodium wigginsii",3
"Peromyscus boylii ?",3
"Peromyscus boylii or Peromyscus laceianus",3
"Perse olympicensis",3
"Phacoides columbianum",3
"Phrynosoma cornutum cf.",3
"Phrynosoma modestum cf.",3
"Pica hudsonia",3
"Picea",3
"Picidae sp.",3
"Pinaceae",3
"Pinales",3
"Pituophis ?",3
"Pituophis catenifer ?",3
"Plesiosauria",3
"Pliomys deeringensis",3
"Pododesmus macroschisma",3
"Polinices lincolnensis",3
"Porifera?",3
"Proteobacteria",3
"Pseudoprotophyllum",3
"Pusa hispida",3
"Quenstedtoceras",3
"Rangifer tarandus caribou",3
"Reithrodontomys ?",3
"Reithrodontomys megalotis cf.",3
"rms - Eudicots",3
"Salvadora cf.",3
"Sauria ?",3
"Sceloporus undulatus ?",3
"Scutellaster hertleini",3
"Sigmodon hispidus cf.",3
"Siliqua",3
"Sonninia projectifer cf.",3
"Sorex merriami ?",3
"Spirotropis",3
"Spisula brevirostrata",3
"Spisula callistaeformis",3
"Stegacanthia",3
"Strigiformes sp.",3
"Tapirus sp.",3
"Thamnophis ?",3
"Theosodon sp.",3
"Trimorphodon sp.",3
"Turritella uvasana",3
"Tympanuchus cf.",3
"Tyto alba",3
"Urocitellus elegans cf.",3
"Urosaurus ornatus cf.",3
"Vespertilionidae",3
"Zoantharia",3
"Accipiter sp.",2
"Accipitridae cf.",2
"Acila shumardi",2
"Acroteuthis",2
"Admete couthouyi",2
"Aforia clallamensis",2
"Alispirifer",2
"Alphachoristites trautscholdi",2
"Aluralagus virginiae",2
"Ambystoma mavortium cf.",2
"Ammospermophilus sp.",2
"Amoebozoa",2
"Anabernicula cf.",2
"Anas crecca carolinensis cf.",2
"Anas cyanoptera ?",2
"Anas cyanoptera cf.",2
"Anatidae",2
"Anaxyrus debilis",2
"Anaxyrus punctatus cf.",2
"Ancistrolepis clarki",2
"Anser  ?",2
"Anthracospirifer occiduus",2
"Antiplanes perversa",2
"Antrozous cf.",2
"Aphaenogaster sp.",2
"Aphelocoma ?",2
"Aphelocoma californica",2
"Aphelocoma cf.",2
"Aquila or Haliaeetus",2
"Arctodus ?",2
"Ardeidae ?",2
"Asio ?",2
"Asio otus ?",2
"Astarte borealis",2
"Astarte martini",2
"Astarte nortonensis",2
"Asteroidea",2
"Aves ?",2
"Aves cf.",2
"Baiomys or Reithrodontomys",2
"Basidiomycota",2
"Bibio sp.",2
"Bittium frankeli",2
"Brachiopoda | Mollusca",2
"Branta canadensis ?",2
"Buccinum glaciale",2
"Calomys arizonae",2
"Calyptraea",2
"Camelidae",2
"Canis armbrusteri",2
"Capromeryx furcifer ?",2
"Capromeryx furcifer cf.",2
"Carabidae",2
"Caracara cheriway cf.",2
"Cardium alaskensis",2
"Carpodacus ?",2
"Carpodacus cf.",2
"Castor",2
"Cathartes ?",2
"Cathartes aura ?",2
"Cathartidae ?",2
"Centrocercus minimus ?",2
"Cervidae sp.",2
"Chaetodipus hispidus cf.",2
"Chaetodipus intermedius cf.",2
"Chelonia cf.",2
"Chione securis",2
"Chonetinella sp.",2
"Chordata|Vertebrata",2
"Chordeiles minor",2
"Clinocardium fucanum",2
"Clinocardium nuttalli",2
"Clypeasteroida",2
"Colaptes auratus cf.",2
"Colinus cf.",2
"Colinus or Oreortyx",2
"Colinus virginianus ?",2
"Colubridae cf.",2
"Colus jordani",2
"Conepatus or Mephitis",2
"Conus adversarius",2
"Corbicula",2
"Corvus corax ?",2
"Corynorhinus townsendii cf.",2
"Crotalus ?",2
"Crotalus atrox",2
"Crotalus lepidus cf.",2
"Crotalus oreganus or Crotalus viridis",2
"Cubanaster torrei",2
"Cyclocardia crassidens",2
"Cylindroteuthis",2
"Cynomys or Otospermophilus",2
"Dasiops",2
"Declinognathodus noduliferus noduliferus",2
"Dennstaedtia",2
"Diceratherium cooki",2
"Dinosauria ?",2
"Dipodomys microps",2
"Dolichoderinae",2
"Dromaeosaurus albertensis",2
"Encope micropora californica",2
"Eocylindroteuthis gracilenta",2
"Epitonium cooperi",2
"Epitonium sawinae",2
"Eptesicus fuscus ?",2
"Equisetites",2
"Equisetum",2
"Equus proversus",2
"Equus simplicidens cf.",2
"Eremophila alpestris cf.",2
"Erignathus barbatus",2
"erms - Eudicots",2
"Euceratherium collinum cf.",2
"Falco peregrinus",2
"Falco sparverius cf.",2
"Fasciolaria",2
"Felaniella parilis",2
"Felidae",2
"Felidae sp.",2
"Felsinotherium ossivalense",2
"Fissurellidae",2
"Galliformes sp.",2
"Gastropod",2
"Geococcyx californianus conklingi ?",2
"Geococcyx californianus conklingi cf.",2
"Geomyidae ?",2
"Geomyidae cf.",2
"Geomys minor",2
"Glycymeris septentrionalis",2
"Glyptostrobus",2
"Gopherus ?",2
"Gymnospermopsida",2
"Hemiauchenia blancoensis",2
"Hemiauchenia macrocephala ?",2
"Hepaticophyta",2
"Hindeodus minutus",2
"Hipparion mohavense",2
"Hypsiglena sp.",2
"Hyracotherium sp.",2
"Ictaluridae sp.",2
"Icterus galbula ?",2
"Junco cf.",2
"Knightia sp.",2
"Laqueus",2
"Lasiurus cinereus cf.",2
"Leodia sexiesperforata",2
"Leptomeryx evansi",2
"Lepus ?",2
"Lepus americanus",2
"Lepus or Sylvilagus",2
"Linoproductus",2
"Liocyma",2
"Lithobates blairi or Lithobates pipiens",2
"Littorina sitchana",2
"Lora",2
"Macclintockia",2
"Macoma lorenzoensis",2
"Macoma moesta alaskana",2
"Macrophylloceras",2
"Mactridae",2
"Mangelia variegata",2
"Marcia angustifrons",2
"Marginella",2
"Meleagris cf.",2
"Meleagris crassipes",2
"Meleagris crassipes cf.",2
"Meleagris gallopavo ?",2
"Menispermites",2
"Mennerella",2
"Messor sp.",2
"Metasequoia occidentalis",2
"Microtus pennsylvanicus ?",2
"Mimidae",2
"Mimus polyglottos",2
"Modiolus",2
"Modiolus modiolus",2
"Mohnia exquisita",2
"Mollusa",2
"Molothrus cf.",2
"Molusca",2
"Murex textilis",2
"Mustela cf.",2
"Mustela frenata ?",2
"Mya elegans",2
"Myotis ciliolabrum",2
"Myotis thysanodes",2
"Mytilidae",2
"Mytilus edulis",2
"Natica russa",2
"Nautiloidea",2
"Navahoceros cf.",2
"Neotoma lepida cf.",2
"Neotoma micropus cf.",2
"Neotoma quadriplicatus",2
"Neotoma stephensi cf.",2
"Neptunea lyrata altispira",2
"Neptuneidae",2
"Noeggerathiophyta",2
"Notiosorex dalquesti cf.",2
"Nuculanidae",2
"Nymphaeales",2
"OCHROPHYTA",2
"Odocoileus virginianus",2
"Ogmodontomys poaphagus cf.",2
"Olivella pedroana",2
"Onychomys bensoni",2
"Oreamnos cf.",2
"Oreamnos harringtoni ?",2
"Otus ?",2
"Ovis aries ?",2
"Panomya norvegica",2
"Panope snohomishensis",2
"Paramylodon garbanii cf.",2
"Patinopecten caurinus",2
"Pediomys",2
"Peristernia insula",2
"Perognathus strigipredus",2
"Peromyscus ?",2
"Peromyscus leucopus or Peromyscus maniculatus",2
"Peromyscus maniculatus ?",2
"Peromyscus truei cf.",2
"Peronidia",2
"Peronosporomycetes",2
"Perse lincolnensis",2
"Perse olympicensis quimperensis",2
"Phasianinae",2
"Phoca",2
"Phocidae",2
"Phrynosoma cf.",2
"Phrynosoma platyrhinos",2
"Pipilo sp.",2
"Pitar",2
"Pliohippus ansae",2
"Pliohippus sp.",2
"Podicipedidae",2
"Pododesmus",2
"Polinices",2
"Pooecetes cf.",2
"Predicrostonyx",2
"Proboscidea ?",2
"Prodipodomys idahoensis",2
"Productina",2
"Protothaca staleyi",2
"Pteridaceae",2
"Reithrodontomys megalotis",2
"Remondella gabbi",2
"Rhinocheilus lecontei cf.",2
"Richardoestesia",2
"Rostrospiroidea",2
"Salpinctes obsoletus cf.",2
"Saurornitholestes langstoni",2
"Saxidomus",2
"Scalopus sp.",2
"Scaphander alaskensis",2
"Sceloporus ?",2
"Sceloporus cowlesi",2
"Sciuridae",2
"Scutellaster cretaceus",2
"Securella securis",2
"Serripes groenlandicus",2
"Serripes laperousii",2
"Sigmodon medius",2
"Solamen columbianum",2
"Sorex monticolus cf.",2
"Sorex neomexicanus ?",2
"Sorex preblei",2
"Sphenobaiera",2
"Sphenopteris",2
"Spilogale sp.",2
"Spiriferellina sp.",2
"Spisula albaria",2
"Spisula polynyma",2
"Spisula twinensis",2
"Stegomastodon sp.",2
"Stockoceros cf.",2
"Stockoceros sp.",2
"Strombus pugilis alatus",2
"Strongylocentrotus droehbachiensis",2
"Strongylocentrotus purpuratus",2
"Sturnella neglecta",2
"Sus scrofa ?",2
"Sylvilagus ?",2
"Tamias ?",2
"Tantilla nigriceps cf.",2
"Tantilla sp.",2
"Taxidea",2
"Terrapene ?",2
"Terrapene cf.",2
"Terrapene ornata cf.",2
"Terrapene sp.",2
"Thamnophis cf.",2
"Thamnophis cyrtopsis cf.",2
"Thamnophis proximus",2
"Thracia",2
"Tonicella marmorea",2
"Tresus nuttallii",2
"Trichotropis cancellata",2
"Turritella diversilineata",2
"Turritella fortilirata",2
"Ursidae ?",2
"Ursus ?",2
"Ursus cf.",2
"Venericardia tokunagai",2
"Vertipecten fucanus",2
"Vespertilionidae sp.",2
"Vulpes macrotis or Vulpes velox",2
"Xanthocephalus sp.",2
"Xanthocephalus xanthocephalus ?",2
"Xerospermophilus spilosoma ?",2
"Yoldia myalis",2
"Yoldiella",2
"Zenaida macroura cf.",2
"?",1
"49591",1
"Accipiter cf.",1
"Accipiter striatus cf.",1
"Accipitridae ?",1
"Accipitriformes ?",1
"Acila conradi",1
"Acipenser ?",1
"Acipenser albertensis",1
"Acirsa borealis",1
"Acmaea sybaritica",1
"Actitis ?",1
"Admete",1
"Aforia circinata",1
"Agelaius phoeniceus ?",1
"Aguijoxylon",1
"Aimophila cf.",1
"Alaskacephale gangloffi",1
"Albertasaurus",1
"Albertosaurus",1
"Alopex lagopus",1
"Alvania aurivilli",1
"Amara",1
"Ambystoma mavortium ?",1
"Ammonitella",1
"Ammonitida",1
"Amphibia",1
"Amphiporidae",1
"Anabathron muriel",1
"Anadara aequatorialis",1
"Anadara scapha",1
"Anadara trilineata",1
"Anas acuta ?",1
"Anas acuta cf.",1
"Anas acuta or Anas strepera",1
"Anas americana ?",1
"Anas discors ?",1
"Anas platyrhynchos",1
"Anas strepera ?",1
"Anatidae cf.",1
"Anaxyrus ?",1
"Anaxyrus debilis cf.",1
"Anaxyrus microscaphus ?",1
"Anaxyrus microscaphus or Anaxyrus woodhousii",1
"Anaxyrus punctatus ?",1
"Anaxyrus woodhousii woodhousii ?",1
"Ancenycteris rasmusseni",1
"Angiosperms - Core eudicots",1
"Angiosperms -Magnoliids",1
"Angiosperms - Rosids",1
"Annalida",1
"Anodonta beringiana",1
"Anomalosipho sabinii",1
"Anser cf.",1
"Anseriformes or Falconiformes",1
"Anseriformes sp.",1
"Anthus spinoletta cf.",1
"Antiplanes catalinae",1
"Antrozous or Eptesicus",1
"Antrozous pallidus ?",1
"Anura ?",1
"Arachnoides placenta",1
"Arachnoididae",1
"Arbacia",1
"Arbacia incisa",1
"Arca",1
"Arca wagneriana",1
"Arca williamsi",1
"Archaeohippus blackbergi",1
"Archaeohippus sp.",1
"Archaeotherium cf.",1
"Architectonica granulata",1
"Arctica",1
"Arctodus",1
"Arizona elegans ?",1
"Asio cf.",1
"Asio flammeus ?",1
"Asio sp.",1
"Aspidoscelis cf.",1
"Aspidoscelis neomexicana",1
"Astarte bennetti",1
"Astarte elliptica",1
"Astarte laurentiana",1
"Astarte polaris",1
"Astarte rollandi",1
"Atrypa reticularis",1
"Austrotrophon kernensis",1
"Axinopsida orbiculata",1
"Aythya valisineria ?",1
"Bacteria",1
"Bassariscus astutus cf.",1
"Bassariscus cf.",1
"Benthonectes",1
"Birgeria",1
"Bison antiquus",1
"Bison bison cf.",1
"Bison or Bos",1
"Bison or Ovibos moschatus",1
"Bittium",1
"Bivalvia sp.",1
"Blancocamelus meadei",1
"Bogertophis subocularis ?",1
"Borealosuchus sp.",1
"Boreotrophon",1
"Bos taurus ?",1
"Bovidae ?",1
"Brachiopoda, Mollusca",1
"Brachylagus idahoensis cf.",1
"Bradfordia costidensa",1
"Bradfordia costidensa ?",1
"Branta  ?",1
"Branta cf.",1
"Breagyps clarki ?",1
"Brontotherium sp.",1
"Bryozoa | Brachiopoda",1
"Bryozoa, Brachiopoda",1
"Bryozoa, Echinodermata",1
"Bryozoa | Mollusca | Brachiopoda",1
"Bryozoa or Porifera",1
"Buccinidae",1
"Buccinum percrassum",1
"Buccinum planeticum",1
"Buccinum polare",1
"Buccinum strigillatum fucanum",1
"Bucephala albeola ?",1
"Bufonidae sp.",1
"Busycon canaliculatum",1
"Busycon contrarium",1
"Busycon planulatum",1
"Busycon pyrum",1
"Buteogallus anthracinus ?",1
"Buteo swainsoni",1
"Buteo swainsoni cf.",1
"Caenopus occidentalis",1
"Calamospiza cf.",1
"Calippus francisi",1
"Calippus regulus",1
"Calliostoma willcoxianum",1
"Callipepla ?",1
"Callipepla squamata cf.",1
"Calophos",1
"Camelops",1
"Cancellaria alaskensis",1
"Cancellaria rotunda",1
"Cancellaria tabulata",1
"Cancellaria venusta",1
"Canis dirus ?",1
"Canis dirus or Canis lupus",1
"Canis lepophagus cf.",1
"Canis or Panthera",1
"Cantharus multiangula",1
"Capra hircus cf.",1
"Caprinae sp.",1
"Caracara ?",1
"Caracara cheriway ?",1
"Cardinalis cardinalis",1
"Cardium brooksi",1
"Cardium muricatum",1
"Cardium virginianum",1
"Carnivora cf.",1
"Cathartes cf.",1
"Cavia ?",1
"Cavusgnathus naviculus",1
"Centrocercus ?",1
"Centrocercus sp.",1
"Centrocercus urophasianus cf.",1
"Cephalotaxopsis",1
"Cerithiopsis",1
"Cerithium floridanum",1
"Cerithium muscarum",1
"Cervidae or Ovibos",1
"Cervus or Odocoileus",1
"Cetacea sp.",1
"Chaetodipus baileyi",1
"Chaetodipus baileyi cf.",1
"Chaetodipus hispidus ?",1
"Chaetodipus intermedius",1
"Chama",1
"Chama macerophylla",1
"Charadriidae ?",1
"Charadriiformes ?",1
"Cheilostomatida",1
"Chen caerulescens",1
"Chen caerulescens cf.",1
"Chicoreus floridanus",1
"Chicoreus globulus",1
"Chione latilirata",1
"Chione securis alaskensis",1
"Chione ulocyma",1
"Chlamys coatsi",1
"Chlamys coatsi middletonensis",1
"Chlamys hanaishiensis amchitkana",1
"Chlamys islandica",1
"Chlamys trinitiensis",1
"Chlamys tugidakensis",1
"Chlorophyceae",1
"Chlorophytae",1
"Choanozoa",1
"Chonetoidea",1
"Chordata Reptilia Squamata",1
"Chromophyta",1
"Chrysemys picta ?",1
"Cingula martyni",1
"Circus cyaneus",1
"Circus cyaneus cf.",1
"Cirripedia",1
"Cladophlebis",1
"Clethrionomys",1
"Clinocardium pristinum",1
"Cochilius volvens",1
"Colaptes ?",1
"Colaptes cf.",1
"Coluber or Salvadora",1
"Colus togatus",1
"Cominella plicatilis",1
"Compsomyax",1
"Compsomyax subdiaphana",1
"Conus cherokus",1
"Conus floridanus",1
"Conus yaquensis",1
"Copemys twenteri",1
"Cophosaurus texanus ?",1
"Cophosaurus texanus sp.",1
"Coragyps atratus cf.",1
"Corbicula oregonensis",1
"Corbulidae",1
"Coronula diadema",1
"Corvidae ?",1
"Corvidae cf.",1
"Corvidae sp.",1
"Corvus corax or Corvus neomexicanus",1
"Corvus neomexicanus ?",1
"Coryphodon sp.",1
"Crassatella uvasana mathewsonii",1
"Crassispira",1
"Crassispira antealesidota",1
"Cratogeomys castanops ?",1
"Cratogeomys or Thomomys",1
"Crenella",1
"Crenella leana",1
"Crenella porterensis",1
"Crepidula aculeata",1
"Crepidula fornicata",1
"Crepidula plana",1
"Crepidula princeps",1
"Crepidula ungana",1
"Crotalus atrox cf.",1
"Crucibulum",1
"Crucibulum costatum",1
"Crucibulum spinosum",1
"Crucibulum striatum",1
"Crucigera",1
"Cryptonatica russa",1
"Cryptotis sp.",1
"Cupressaceae",1
"Curculionidae",1
"Cuvieronius ?",1
"Cuvieronius sp.",1
"Cyanocitta cf.",1
"Cyanocitta stelleri",1
"Cyanocitta stelleri ?",1
"Cyclocardia yakatagensis",1
"Cygnus columbianus cf.",1
"Cylichnella attonsa",1
"Cymatosyrinx lunata aclinica",1
"Cynomys ?",1
"Cynomys gunnisoni ?",1
"Cynomys ludovicianus ?",1
"Cypraea carolinensis floridana",1
"Cyrtonyx montezumae cf.",1
"Dallia",1
"Dasycladus",1
"Delectopecten peckhami",1
"Delphinapterus leucas",1
"Dendraster coalingaensis macer",1
"Dendraster excentricus",1
"Dendraster gibbsii mirus",1
"Dendraster granti",1
"Dentalium antillarum",1
"Dentalium conradi",1
"Dentalium neohexagonum",1
"Dentalium schencki",1
"Dentalium stramineum",1
"Desmodus stocki cf.",1
"Diestothyris frontalis",1
"Diodora carditella",1
"Diodora cayenensis",1
"Diplodonta aleutica",1
"Dipodomys ?",1
"Dipodomys merriami cf.",1
"Dipodomys spectabilis ?",1
"Dodecaceria fistulicola",1
"Dosinia",1
"Echinarachnius parma",1
"Echinarachnius ungaensis",1
"Echininodermata",1
"Echinochama arcinella",1
"Echinoderma",1
"Echinodermata/Mollusca",1
"Echinometra vanbrunti",1
"Echinophoria",1
"Edaphosaurus sp.",1
"Edentata sp.",1
"Edmontonia",1
"Elasmobranchii",1
"Elasmosauridae",1
"Elephantidae",1
"Emydidae",1
"Encope grandis",1
"Encope grandis inezana",1
"Encope macrophora",1
"Encope sverdrupi",1
"Encope tenuis",1
"Eocylindroteuthis ?",1
"Eoequus wilsoni",1
"Eosauropterygia",1
"Epicyon saevus cf.",1
"Eptesicus cf.",1
"Equidae",1
"Equus complicatus",1
"Equus conversidens or Equus scotti",1
"Equus cumminsii",1
"Equus francisci cf.",1
"Equus simplicidens",1
"Eryops sp.",1
"Eubostrychoceras",1
"Euceratherium collinum ?",1
"Euphagus ?",1
"Euphagus or Sturnella",1
"Eupleura caudata",1
"Exilia lincolnensis",1
"Faassia globosa",1
"Falconidae ?",1
"Falconiformes",1
"Falco peregrinus ?",1
"Falco peregrinus cf.",1
"Falco sp.",1
"Fasciolaria gigantes harveyensis",1
"Felis ?",1
"Fenestellidae",1
"Fenestrida",1
"Ficus",1
"Foraminifera|Mollusca",1
"Fringillidae cf.",1
"Fulgur echinatum",1
"Fulica ?",1
"Fusinus caloosaensis",1
"Fusitriton oregonsnsis",1
"Galliformes ?",1
"Gallus ?",1
"Gambelia wislizenii",1
"Gambelia wislizenii ?",1
"Garniericeras catenulatum",1
"Geococcyx californianus ?",1
"Geococcyx californianus californianus",1
"Geomys ?",1
"Gigantocamelus sp.",1
"Glaucomys ?",1
"Glottidia albida",1
"Glycymeris",1
"Glycymeris americana",1
"Glycymeris vancouverensis",1
"Glyptotherium texanum ?",1
"Glyptotherium texanum cf.",1
"Gomphotheriidae",1
"Gomphotheriidae ?",1
"Gomphotherium simpsoni",1
"Goniatitida",1
"Gosiutichthys parvus",1
"Gymnogyps californianus ?",1
"Gymnogyps cf.",1
"Gymnosperms",1
"Halobia ornatissima",1
"Haringtonhippus francisci",1
"Hecetastoma gehrelsi",1
"Heloderma suspectum",1
"Hesperotestudo ?",1
"Heterokontophytaheterokontophyta",1
"HeterokontophytaHeterokontophyta",1
"Heteromacoma",1
"Heteromyidae ?",1
"Heteromyidae sp.",1
"Hexaplex fulvescens",1
"Hirundinidae",1
"Hirundinidae cf.",1
"Hirundinidae sp.",1
"Hirundo sp.",1
"Histriophoca fasciata",1
"Holmesina septentrionalis",1
"Holomeniscus macrocephalus",1
"Homotherium",1
"Homotherium serum",1
"Hudsonelpidia",1
"Hyaenodon cf.",1
"Hybodus",1
"Hydrozoa",1
"Hyla arenicolor",1
"Hyla sp.",1
"Hymenoptera",1
"Hyopsodus miticulus",1
"Hypolagus limnetus ?",1
"Hypolagus regalis ?",1
"Hyracodon nebrascensis",1
"Icaronycteris index",1
"Ichneumonidae",1
"Ichnofacies",1
"Ichnofossil?",1
"Ichthyodectes sp.",1
"Ictalurus sp.",1
"Icterus sp.",1
"Ictidomys ?",1
"Ictidomys tridecemlineatus ?",1
"Incilius alvarius cf.",1
"Jacobsomys verdensis",1
"Kachpurites fulgens",1
"Kenella",1
"Kewia lituyaensis",1
"Kosmoceras",1
"Lama ?",1
"Lambeosaurinae",1
"Lampropeltis getula ?",1
"Lanius ludovicianus",1
"Lanius sp.",1
"Laqueus vancouveriensis",1
"Larix",1
"Larus sp.",1
"Lasaea",1
"Lasiurus cinereus",1
"Lasiurus sp.",1
"Lemmiscus curtatus ?",1
"Lemmus sibiricus",1
"Lepisosteus sp.",1
"Leporidae ?",1
"Lima",1
"Lima attenuata",1
"Limatula",1
"Limnodromus scolopaceus",1
"Limnodromus scolopaceus cf.",1
"Linoproductidae",1
"Liocyma fluctuosa",1
"Liocyma fluctuosum",1
"Liocyma viride",1
"Liomesus nux",1
"Lithobates ?",1
"Litorhadia",1
"Littorina",1
"Lochriea commutata",1
"Lora viridula",1
"Lucina acutilineata",1
"Lucina pensylvanica",1
"Lunatia pallida",1
"Lymnaea petersi",1
"Lynx cf.",1
"Macgowania sp.",1
"Macoma albaria",1
"Macoma brota",1
"Macoma crassula",1
"Macoma indentata",1
"Macoma middendorffi",1
"Macoma sookensis",1
"Macrocallista gilberti",1
"Malacostraca",1
"Mammalia ?",1
"Mammalia cf.",1
"Mammut ?",1
"Mammuthus cf.",1
"Mammuthus imperator",1
"Mammuthus imperator cf.",1
"Mammuthus meridionalis ?",1
"Marcia",1
"Margarites chappelli",1
"Marginella precursor",1
"Marginiferidae",1
"Marmota caligata",1
"Marmota flaviventris ?",1
"Martes ?",1
"Martinia",1
"Megadolodus molariformis",1
"Megalneusaurus",1
"Megalonychidae",1
"Megalonyx wheatleyi",1
"Megascops asio cf.",1
"Megascops kennicottii cf.",1
"Megayoldia",1
"Meleagris crassipes ?",1
"Meleagris gallopavo cf.",1
"Mellita",1
"Mellitella",1
"Melongena",1
"Melospiza cf.",1
"Menispermaceae",1
"Mennerella ovata",1
"Mephitis mephitis ?",1
"Mercenaria",1
"Mercimonia bunkeri",1
"Mergus merganser cf.",1
"Merriamaster arnoldi",1
"Merriamosauria",1
"Merychippus calamarius",1
"Merychippus gunteri",1
"Merychippus intermontanus",1
"Merychippus isonesus",1
"Merychippus sumani",1
"Merycoidodon culbertsoni",1
"Mesopuzosia",1
"Metoposaurus sp.",1
"Microtus cf.",1
"Microtus longicaudus or Microtus montanus",1
"Microtus montanus cf.",1
"Microtus oeconomus",1
"Milleporidae",1
"Mimomys",1
"Mimus polyglottos ?",1
"Miohippus sp.",1
"Mitorthoceras",1
"Mitra",1
"Mitra stephensoni",1
"Mitrella carinata",1
"Modiolus restorationensis",1
"Molopophorus",1
"Molopophorus bogachieli",1
"Molopophorus stephensoni",1
"Molossidae ?",1
"Monotis subcircularis",1
"Mosasauridae",1
"Mulinia",1
"Multituberculata",1
"Murex",1
"Mustela erminea",1
"Mya dickersoni",1
"Mya pseudoarenaria",1
"Mylohyus nasutus",1
"Myotis californicus or Myotis ciliolabrum",1
"Myotis ciliolabrum ?",1
"Myotis ciliolabrum or Myotis lucifugus",1
"Myotis evotis cf.",1
"Myotis lucifugus ?",1
"Myotis lucifugus or Myotis yumanensis",1
"Myotis thysanodes ?",1
"Myotis yumanensis ?",1
"Mysella tumida",1
"Mytilus chejsleveemensis",1
"Mytilus coalingensis",1
"Mytilus ochotensis",1
"Mytilus unguiculatus",1
"Myurella",1
"Myzozoa",1
"Nassarius fossatus",1
"Natica canrena",1
"Natica janthostoma",1
"Natica teglandae",1
"Navahoceros fricki cf.",1
"Navahoceros sp.",1
"Nemocardium ezoense",1
"Nemocardium weaveri",1
"Neofiber sp.",1
"Neogastropoda",1
"Neotoma albigula or Neotoma micropus",1
"Neotoma cinerea or Neotoma mexicana",1
"Neotoma findleyi cf.",1
"Neotoma lepida ?",1
"Neotoma leucodon or Neotoma mexicana",1
"Neotoma mexicana or Neotoma stephensi",1
"Neotoma vaughani",1
"Neovison vison cf.",1
"Neptunea lirata altispira",1
"Nipponotrophon stuarti",1
"Niso",1
"No",1
"Nothrotheriops ?",1
"Notogillia wetherbyi",1
"Notolagus lepusculus",1
"Nucifraga ?",1
"Nuculana fossa",1
"Nucula yakatagensis",1
"Numenius cf.",1
"Ochotona whartoni",1
"Odobenus rosmarus",1
"Odocoileus hemionus ?",1
"Odocoileus virginianus cf.",1
"Odontoceti",1
"Oenopota",1
"Oenopota krausei",1
"Oenopota rugulata",1
"Oliva reticulata",1
"Olivella biplicata",1
"Olivella biplicata angelena",1
"Ophthalmosaurinae",1
"Oreamnos harringtoni",1
"Oreamnos harringtoni cf.",1
"Oreortyx pictus cf.",1
"Ornithomimidae",1
"Orohippus sp.",1
"Oryzomys sp.",1
"Osteichthyes ?",1
"Osteoborus diabloensis",1
"Ostracoda",1
"Other Gymnosperms",1
"Otoites contractus cf.",1
"Otoites pauper cf.",1
"Ovibos or Bison",1
"Ovis ?",1
"Ovis aries cf.",1
"Ovis dalli",1
"Ovis or Oreamnos",1
"Pachycephalosaurus",1
"Pachydiscus (Pachydiscus) kamishakensis",1
"Pachystrophia",1
"Pachyteuthis",1
"Palaeosyops paludocus",1
"Pandora",1
"Panope generosa",1
"Panthera atrox ?",1
"Panthera leo ?",1
"Panthera or Smilodon",1
"Parabigotites crassicostatus ?",1
"Paracentrotus",1
"Parahippus sp.",1
"Parvicardium eugenense",1
"Parvilucina",1
"Passeriformes ?",1
"Passeriformes cf.",1
"Passerina ?",1
"Passerina cf.",1
"Passerina sp.",1
"Patellina sp.",1
"Pecten caurinus",1
"Pecten kindlei",1
"Pecten pittieri",1
"Pedicularis pennellii",1
"Periploma aleutica",1
"Perissodactyla",1
"Perissodactyla or Artiodactyla",1
"Perognathus flavescens ?",1
"Perognathus flavus ?",1
"Peromyscus",1
"Peromyscus boylii or Peromyscus eremicus",1
"Peromyscus crinitus or Peromyscus maniculatus",1
"Peromyscus eremicus",1
"Peromyscus eremicus or Peromyscus maniculatus",1
"Peromyscus gratus or Peromyscus truei",1
"Peromyscus leucopus cf.",1
"Phenacodus primaevus",1
"Phorifera",1
"Phrynosoma ?",1
"Phrynosoma hernandesi ?",1
"Phyllostomidae cf.",1
"Phylum indet.",1
"Picea sp.",1
"Pilosa ?",1
"Pipilo ?",1
"Pipilo chlorurus cf.",1
"Pipilo erythrophthalmus cf.",1
"Pipilo maculatus ?",1
"Pipistrellus ?",1
"Piranga cf.",1
"Pitar arnoldi etheringtoni",1
"Pitar dalli",1
"Pituophis sp.",1
"Placozoa",1
"Plagiorchiida",1
"Platycrinites nikondaense",1
"Platygonus cf.",1
"Platygonus texanus",1
"Plestiodon multivirgatus",1
"Plestiodon sp.",1
"Plicatula densata",1
"Plicatula gibbosa",1
"Plicatula marginata",1
"Plicifusus griseus",1
"Pliohippus interpolatus",1
"Pliohippus mirabilis",1
"Podiceps nigricollis",1
"Podicipediformes sp.",1
"Pododesmus macrochisma",1
"Poebrotherium andersoni",1
"Poebrotherium sp.",1
"Polinices duplicatus",1
"Polinices pallidus",1
"Polinices rectus",1
"Polinices sookensis",1
"Polychaeta",1
"Priapulida?",1
"PRIAPULIDA",1
"Primnoa",1
"Priscofusus hannibali",1
"Productoidea",1
"Prosigmodon",1
"Prosigmodon holocuspis",1
"Prosigmodon sp.",1
"Prosobranchia",1
"Protothaca staminea",1
"Protozoa incertae sedis",1
"Psephaea corrugata",1
"Pseudocardium densatum",1
"Pseudophyllites indra",1
"Pseudosimobelus sp.",1
"Pseudoxybeloceras",1
"Pulmonata",1
"Puncturella longifissa",1
"Pungitius sp.",1
"Pusula orientalis",1
"Quereuxia angulata",1
"Quiscalus ?",1
"Rabdotus dealbatus",1
"Rallidae ?",1
"Rallidae cf.",1
"Rangifer tarandus ?",1
"Raninoides",1
"Recurvirostridae ?",1
"Recurvirostridae or Scolopacidae",1
"Reithrodontomys fulvescens",1
"Reithrodontomys fulvescens or Reithrodontomys megalotis",1
"Reithrodontomys wetmorei cf.",1
"Repomys panacaensis cf.",1
"Retaria (subplylum radiozoa)",1
"Rexithaerus expansa",1
"Rhinocheilus lecontei ?",1
"Rhinoclavis",1
"Rhynchonelliformea",1
"Rhynchotherium praecursor",1
"Rhytiodentalium",1
"Rodentia ?",1
"Rostroconchia",1
"Salenia",1
"Salenocidaris",1
"Salvadora ?",1
"Sanguinolaria",1
"Sanguinolaria nuttalli",1
"Sanguinolaria nuttallii",1
"Saxidomus gigantea",1
"Scaphander washingtonensis",1
"Scaphechinus mirabilis japonica",1
"Scaphella floridana",1
"Sceloporus clarkii",1
"Schizothaerus nuttalli",1
"Sciurus ?",1
"Sciurus aberti",1
"Scleractinian",1
"Scolopacidae",1
"Sconsia",1
"Scutellaster",1
"Scutellaster interlineatus",1
"Scutellaster major",1
"Scutellaster quaylei",1
"Scyphozoa",1
"Senticolis triaspis ?",1
"Serpentes cf.",1
"Sigmodon ochrognathus cf.",1
"Siliqua alta",1
"Siliqua patula",1
"Sinum scopulosum",1
"Siphonalia sopenahensis",1
"Skeneopsis alaskana",1
"Smilodon gracilis",1
"Smilodon sp.",1
"Solamen snavelyi",1
"Solemya dalli",1
"Solena",1
"Solenidae",1
"Solen sicarius",1
"Solen townsendsensis",1
"Sonora ?",1
"Sorex",1
"Sorex ?",1
"Sorex monticolus",1
"Soricidae",1
"Spatangidae",1
"Spea bombifrons ?",1
"Spea bombifrons cf.",1
"Spea multiplicata cf.",1
"Spermophilus ?",1
"SPERMOPHYTA",1
"Sphaerechinus",1
"Spilogale ?",1
"Spilogale putorius",1
"Spinatrypa",1
"Spinicharybdis krizi",1
"Spiriferidae",1
"Spiriferoidea",1
"Spirorbis",1
"Spisula ramonensis attenuata",1
"Spisula rushi",1
"Spiza americana ?",1
"Spizella cf.",1
"Spondylus",1
"Spondylus rotundatus",1
"Stegomastodon cf.",1
"Stegomastodon mirificus",1
"Stephanoceras ?",1
"Stephanoceras obesum",1
"Stephanophyllia",1
"Stockoceros or Oreamnos",1
"Stramonita canaliculata",1
"Straparollus",1
"Streptognathodus expansus",1
"Strigidae cf.",1
"Strix occidentalis cf.",1
"Strombina gunteri",1
"Strombus",1
"Strongylocentrotus droebachiensis",1
"Strongylocentrotus franciscanus",1
"Succineidae",1
"Surnia ulula",1
"Sylvilagus nuttallii ?",1
"Synaptomys borealis",1
"Syringopora",1
"Tachyrhynchus lacteolus",1
"Tachyrhynchus reticulatis",1
"Tadarida ?",1
"Tadarida brasiliensis cf.",1
"Tadarida sp.",1
"Tamias canipes cf.",1
"Tamias cinereicollis ?",1
"Tamias dorsalis ?",1
"Tamias dorsalis cf.",1
"Tapes",1
"Tapirus ?",1
"Tapirus merriami",1
"Tapirus merriami cf.",1
"Taxidea cf.",1
"Tayassuidae sp.",1
"Tegula",1
"Tejonia hendoni",1
"Tellinidae",1
"Terebra isaacpetiti",1
"Terebratulida",1
"Tetrapoda",1
"Thais",1
"Thalattosauria",1
"Thamnosma",1
"Thomomys ?",1
"Thomomys talpoides ?",1
"Thracia jacalitosana",1
"Thracia trapezoides",1
"Thyasira",1
"Thyasira bisecta",1
"Tivelina vaderensis",1
"Toretocnemus",1
"Trachemys cf.",1
"Tresus",1
"Trigoniidae",1
"Trilobozoa",1
"Trimorphodon vilkinsonii ?",1
"Trimorphodon vilkinsonii cf.",1
"Tringa melanoleuca",1
"Tringa semipalmatus ?",1
"Trionyx sp.",1
"Trionyx spiniferus ?",1
"Triton",1
"Trivia pediculus",1
"Trochita floridana",1
"Troglodytidae cf.",1
"Trophon lepidota",1
"Trophonopsis beringi",1
"Tunicata",1
"Turbonilla hannibali",1
"Turdidae cf.",1
"Turdus migratorius cf.",1
"Turricula washingtoniana",1
"Turrid",1
"Turritella broderipiana",1
"Turritella fascialis",1
"Turritella olympicensis",1
"Turritella shataii",1
"Turritella shataii sagai",1
"Turritella terebriformis",1
"Turritella uvasana hendoni",1
"Turritella vaderensis",1
"Turtonia minuta",1
"Tylosaurus proriger",1
"Tyrannidae cf.",1
"Uintatherium sp.",1
"Ulmaceae",1
"Unio",1
"Urocitellus elegans ?",1
"Urocyon ?",1
"Urosalpinx perrugata",1
"Urosaurus ?",1
"Ursidae sp.",1
"Ursus americanus ?",1
"Ursus maritimus",1
"Vaquerosella",1
"Vasum locklini",1
"Veneridae",1
"Vermicularia spirata",1
"Vertipecten popofensis",1
"Vireonidae sp.",1
"Volvulella acuminata",1
"Witchellia adnata cf.",1
"Xanthocephalus ?",1
"Xanthopsis",1
"Xenophora delecta floridana",1
"Yoldia chehalisensis",1
"Yoldia ensifera",1
"Yoldia limatula",1
"Yoldia scissurata strigata",1
"Yoldia thraciaeformis",1
"Yoldiella cecinella",1
"Yoldiidae",1
"Zenaida cf.",1
"Zenaida sp.",1
