"order","reps"
"",1493350
"Passeriformes",214174
"Squamata",200877
"Rodentia",162966
"Hymenoptera",147726
"Perissodactyla",127795
"Anura",124591
"Lepidoptera",98353
"Stylommatophora",92292
"Coleoptera",90884
"Foraminiferida",89122
"Artiodactyla",88939
"Neogastropoda",83961
"Veneroida",80222
"Testudines",67560
"Productida",65898
"Araneae",59974
"Athyridida",56674
"VENEROIDA",55536
"Chordata",53881
"NEOGASTROPODA",52348
"Spiriferida",52158
"Littorinimorpha",51613
"Ammonoidea",47393
"Rhynchonellida",45931
"NEOTAENIOGLOSSA",45040
"Orthida",44253
"Diptera",39962
"Pterioida",39456
"Perciformes",36073
"Carnivora",35052
"Unplaced",34490
"Caudata",33485
"Stauriida",31396
"Decapoda",30966
"Strophomenida",30838
"Myctophiformes",30672
"Carcharhiniformes",30212
"Unionoida",28625
"Charadriiformes",26471
"Lagomorpha",25838
"Arcoida",25274
"Condylarthra",25238
"RODENTIA",25231
"Primates",24964
"Multituberculata",23905
"Chiroptera",23089
"Myoida",21764
"Lamniformes",21344
"Ptychopariida",20096
"Hemiptera",19418
"Sorbeoconcha",19319
"Atrypida",18285
"Crocodylia",17271
"Phacopida",16961
"DECAPODA",16750
"Rugosa",16057
"Cetacea",15812
"OSTREOIDA",15732
"Anseriformes",15670
"Ostreoida",15573
"Pinales",15510
"Fagales",14930
"Ferae",14471
"Piciformes",14366
"Murchisoniina",14333
"Stomiatiformes",13635
"Galliformes",13048
"Procellariiformes",12783
"Marsupialia",12731
"Terebratulida",12690
"ARCOIDA",12266
"Nuculoida",12114
"Apodiformes",11896
"Orthocerida",11404
"Hygrophila",11087
"Tabulata",11057
"Falconiformes",10796
"Pelecaniformes",10750
"Rotaliida",10675
"Bellerophontida",10634
"Cycloneritimorpha",10460
"Caenogastropoda",10427
"Columbiformes",10386
"Spiraculata",10313
"Myliobatiformes",10300
"Spiriferinida",9954
"Monobathrida",9726
"Proboscidea",9524
"Tetraodontiformes",9182
"Pectinoida",9170
"Anguilliformes",9166
"Cladida",9161
"Orthotetida",9057
"Lepisosteiformes",8842
"Cingulata",8815
"Eulipotyphla",8809
"Insectivora",8779
"Order indet.",8256
"Venerida",8123
"Gruiformes",8062
"Euomphalina",8015
"Scleractinia",7769
"SCLERACTINIA",7764
"Sauria",7735
"Siluriformes",7519
"Cypriniformes",7499
"Favositida",7441
"ARTIODACTYLA",7435
"Lagenida",7432
"Pilosa",7410
"Mytiloida",7376
"Clypeasteroida",7118
"Opiliones",6834
"Lipotyphla",6832
"MYOIDA",6789
"Rosales",6710
"Cardiida",6706
"Aulopiformes",6575
"Trepostomata",6469
"Testudinata",6464
"Pentamerida",6362
"Medullosales",6317
"ARCHAEOGASTROPODA",6253
"Lingulida",6096
"Neotaenioglossa",6057
"Strigiformes",6013
"Graptoloidea",5993
"Marattiales",5916
"Ciconiiformes",5822
"Agelasida",5784
"Equisetales",5706
"Ammonitida",5696
"Pholadomyoida",5650
"Spatangoida",5530
"Saurischia",5366
"Gadiformes",5365
"Sapindales",5292
"Auloporida",5191
"Coraciiformes",5041
"Characiformes",5000
"PERISSODACTYLA",4937
"CHEILOSTOMATA",4914
"Redlichiida",4833
"FORAMINIFERIDA",4763
"Coniferales",4638
"Nuculida",4591
"Cephalaspidea",4498
"Archaeogastropoda",4492
"Podocopida",4491
"Psittaciformes",4420
"Lepidodendrales",4369
"Pectinida",4338
"Cidaroida",4313
"Nuculanoida",4294
"Mollusca",4230
"Stromatoporoidea",4225
"CAPTORHINIDA",4220
"Ostreida",4113
"Didelphimorphia",3986
"Urodela",3975
"Cuculiformes",3932
"Lucinoida",3924
"Receptaculitales",3914
"Nautilida",3908
"Asaphida",3894
"Cimolesta",3833
"Chitonida",3819
"Carditoida",3776
"Lucinida",3732
"Pleuronectiformes",3726
"Ophiurida",3531
"Cryptostomata",3495
"Rhizostomatida",3473
"Malpighiales",3457
"CLYPEASTEROIDA",3443
"Dentaliida",3443
"SPATANGOIDA",3439
"Carditida",3428
"Scombriformes",3405
"Ornithischia",3353
"Architaenioglossa",3314
"Belotelsonidea",3267
"SESSILIA",3267
"LAGOMORPHA",3157
"Soricomorpha",3094
"Goniatitida",3076
"Disparida",3069
"Arcida",3015
"CASSIDULOIDA",3001
"Palaeonisciformes",2978
"Amiiformes",2966
"PODOCOPIDA",2959
"Trepostomida",2932
"Rhombifera",2927
"Beryciformes",2838
"Galeomorpha",2793
"Modiomorphoida",2779
"Hippuritida",2757
"Proetida",2694
"Trichoptera",2694
"Orthoptera",2685
"FORCIPULATIDA",2675
"Phyllodocida",2670
"CEPHALASPIDEA",2661
"HETEROSTROPHA",2650
"Anomalodesmata",2644
"Fenestrida",2628
"Pulmonata",2527
"Phyllodocemorpha",2501
"Cystoporida",2480
"INSECTIVORA",2475
"Clupeiformes",2468
"Centrarchiformes",2456
"Scorpiones",2452
"Rajiformes",2445
"Therapsida",2437
"Sirenia",2429
"NUCULOIDA",2417
"Labriformes",2404
"Urticales",2371
"CHIROPTERA",2286
"Cyclostomata",2284
"Stomiiformes",2251
"Vetigastropoda",2247
"MARSUPIALIA",2232
"Hamamelidales",2221
"Cassiduloida",2204
"Corynexochida",2198
"MYTILOIDA",2198
"CARNIVORA",2197
"Diplobathrida",2193
"Cyprinodontiformes",2163
"Trigonioida",2158
"Carangiformes",2154
"Unranked",2148
"Mesogastropoda",2144
"Ovalentaria",2137
"Semionotiformes",2126
"Trepostomatida",2118
"Amphipoda",2108
"Creodonta",2106
"Agnostida",2103
"Proteales",2091
"Epipolasida",2052
"Lituolida",2047
"Fusulinida",2038
"Scolopendromorpha",2014
"Batoidea",2008
"Foraminifera",2005
"Accipitriformes",2003
"Caprimulgiformes",1986
"Palaeocaridacea",1984
"Thecodontia",1982
"Cycadeoidales",1980
"Eupercaria",1970
"Serpentes",1968
"Xiphosurida",1966
"Laurales",1953
"Temnospondyli",1950
"Myalinida",1946
"Notoungulata",1941
"Alcyonacea",1930
"Macroscelidea",1920
"Beloniformes",1846
"Podicipediformes",1830
"Belemnitida",1819
"PALAEONISCIFORMES",1795
"Apodida",1776
"Lithobiomorpha",1773
"Gobiiformes",1760
"STYLOMMATOPHORA",1737
"Strophomenata",1735
"MULTITUBERCULATA",1734
"Palaeocopida",1729
"Polydesmida",1717
"Textulariida",1697
"Neuroptera",1666
"Salmoniformes",1659
"Odonata",1650
"Erinaceomorpha",1645
"Juglandales",1642
"Protorthoptera",1642
"Syngnathiformes",1637
"Isopoda",1631
"Euheterodonta",1612
"Conodontophorida",1598
"Leptictida",1594
"Elopiformes",1579
"Globigerinida",1567
"Ranunculales",1565
"Nuculanida",1563
"Thysanoptera",1556
"Cornales",1546
"Basommatophora",1529
"Mytilida",1524
"Oncocerida",1520
"Lithistida",1519
"CONDYLARTHRA",1507
"Limoida",1506
"Phenacodonta",1484
"Sessilia",1467
"Lophiformes",1435
"LAMNIFORMES",1423
"Chelonia",1372
"Trogoniformes",1361
"Pempheriformes",1350
"Mugiliformes",1342
"Acrotretida",1336
"Odontopleurida",1334
"Archaeostraca",1330
"Acipenseriformes",1327
"Magnoliales",1318
"BASSOMMATOPHORA",1301
"Psocoptera",1301
"Lutjaniformes",1297
"Tanaidacea",1277
"Lepidosireniformes",1260
"Conulariida",1254
"Patellogastropoda",1253
"Sedentarida",1253
"Ophidiiformes",1238
"Holectypoida",1235
"Argentiniformes",1234
"Miliolida",1231
"Pantodonta",1228
"Aspidochirotida",1215
"Fabales",1190
"Veneroidei",1175
"Cyclida",1174
"Myida",1174
"Comatulida",1169
"Conchostraca",1165
"Pteridospermales",1139
"DIPNOI",1138
"SQUAMATA",1122
"Angulliformes",1110
"Pristiformes",1092
"PTERIOIDA",1089
"Chimaeriformes",1081
"Diplobrathrida",1078
"Dendroidea",1070
"DENTALIDA",1065
"Lichida",1062
"Sphenisciformes",1059
"Coelacanthiformes",1051
"Pseudosuchia",1045
"Endocerida",1044
"Holasteroida",1038
"Julida",1027
"Procreodi",1027
"Rajiformes/Pristiformes",1024
"Blattodea",1020
"Fissiculata",1013
"Malvales",1004
"MESOGASTROPODA",992
"Geophilomorpha",988
"Uintacrinida",976
"Esociformes",970
"Cystiphyllida",966
"Conocardioida",959
"Pseudoscorpiones",959
"Discosorida",947
"Ericales",935
"Rhamnales",930
"Squaliformes",927
"Gadilida",918
"Xenarthra",918
"Craniida",912
"Brachiopoda",907
"Neoloricata",902
"NERITOPSINA",900
"Waptiida",898
"Acanthuriformes",896
"Pelycosauria",896
"Blenniiformes",891
"Keratosida",890
"Dendrochirotida",881
"Salicales",880
"Phytosauria",873
"TEREBRATULIDA",870
"Arthrodira",869
"Pholadida",866
"Celastrales",865
"Eunicida",864
"Pterosauria",859
"Lytoceratida",850
"Sabellida",850
"Leperditicopida",844
"Hexanchiformes",843
"Gaviiformes",835
"Syncarida",826
"SORBEOCONCHA",823
"PHOLIDOPHORIFORMES",815
"Bennettitales",798
"Hippuritoida",798
"Arecales",795
"Imparidentia",793
"Praecardioida",779
"Xiphosura",779
"Blattaria",775
"Pantolesta",773
"Heliolitida",772
"Terebellida",763
"Hybodontiformes",760
"Thoracica",759
"Leiocopa",756
"Gymnophiona",750
"Saxifragales",747
"Cordaitales",740
"Hyolithida",738
"Crocodilia",727
"Lyssakida",721
"Lophiiformes",715
"Sepiida",690
"Dermoptera",685
"Isoptera",685
"Scorpaeniformes",684
"Haplosclerida",682
"Diploporita",670
"Nectridea",668
"Osteoglossiformes",668
"Heterobranchia",667
"Thecosomata",666
"Valvatida",665
"Cornuta",664
"Ephemeroptera",663
"Desmostylia",662
"Sphenophyllales",657
"Hydroida",655
"Spirobolida",655
"Cetaceamorpha",652
"Ceratitida",651
"Polypodiales",650
"Octactinellida",649
"AULOPIFORMES",647
"Atheriniformes",642
"Chaetodontiformes",641
"Cheilostomatida",634
"Actinocerida",626
"Neritopsina",626
"Isocrinida",624
"CHELONIA",623
"Antiarchi",621
"Cheilostomata",621
"Homoptera",621
"HOLECTYPOIDA",620
"unplaced",612
"[Unassigned]Caenogastropoda",603
"ANURA",602
"Hyracoidea",601
"ICHTHYODECTIFORMES",600
"OPHIURIDA",596
"Heterostropha",593
"PRIMATES",592
"Sagenocrinida",591
"PAXILLOSIDA",589
"Alepocephaliformes",586
"Heterostraci",582
"Order incertae sedis",578
"Orthogastropoda Order incertae sedis",577
"Spariformes",575
"LITTORINIMORPHA",574
"Tinamiformes",567
"Dipnoi",564
"Capitellida",557
"Trochodendrales",557
"LIMOIDA",554
"Receptaculitida",553
"Adapedonta",550
"Ichthyodectiformes",540
"Trachichthyiformes",540
"Nymphaeales",531
"Petalodontiformes",529
"Plecoptera",528
"Golfingiiformes",523
"Schizaeales",518
"Rhynchonellacea",513
"Myrtales",512
"Stomatopoda",506
"Platycopida",504
"Cnidaria",503
"Tarphycerida",497
"Theales",496
"Rhabdomesida",489
"Choristodera",482
"Articulata (Crinoidea)",480
"Kurtiformes",478
"Spumellaria",476
"Aeschronectida",475
"Octopoda",472
"Uncertain",468
"Phymosomatoida",467
"Filicales",464
"Holocentriformes",461
"Tentaculitida",457
"Ichthyosauria",451
"Spionida",449
"Dictyoceratida",448
"[Unassigned] Vetigastropoda",448
"Dipsacales",447
"PEDUNCULATA",442
"PROBOSCIDEA",439
"Solemyoida",433
"Acroida",428
"Trombidiformes",426
"Selachii",424
"Hadromerida",421
"Salenioida",421
"GADILIDA",420
"AMMONITIDA",416
"Poales",415
"CIDAROIDA",414
"Cladoselachii",413
"ARCHITAENIOGLOSSA",410
"Nudibranchia",404
"Actiniaria",402
"Phascolosomatiformes",402
"Anostraca",392
"Sarcoptiformes",388
"Prosobranchia",387
"Coronatida",385
"Edentata",382
"Collembola",381
"Dinornithiformes",379
"Microsauria",379
"STROPHOMENIDA",379
"TEMNOSPONDYLI",378
"Mitrata",377
"Leptolepidiformes",376
"CARCHARHINIFORMES",374
"Camarodonta",371
"Isoetales",364
"Gymnotiformes",362
"PERCIFORMES",362
"Spirostreptida",358
"Apatotheria",357
"Mecoptera",356
"Xenacanthiformes",356
"Acanthodiformes",355
"Dicynodontia",354
"Tricladida",354
"Lyginopteridales",353
"Orbiniida",352
"Opisthoparia",351
"Cycloneritomorpha",346
"Dictyonellida",345
"Cathartiformes",344
"LEPTICTIDA",338
"Crossopterygii",337
"Ixodida",337
"Forcipulatida",327
"HETEROSTRACI",326
"Captorhinida",325
"Hemicidaroida",325
"PTYCHOPARIIDA",325
"Incertae sedis",324
"Poecilosclerida",324
"Pycnodontiformes",322
"Anaspidea",320
"Chordeumatida",320
"Thalamida",320
"Antipatharia",318
"Oegophiurida",316
"Cycadales",315
"Mysidacea",312
"Ginkgoales",310
"UNIONOIDA",310
"Eocaridacea",306
"Nassellaria",306
"Solifugae",306
"Batrachoidiformes",305
"Orectolobiformes",304
"Porifera",303
"Rhynchobdellida",302
"ORTHIDA",301
"Asterales",300
"Gerreiformes",295
"Euphausiacea",294
"Osmeriformes",292
"Isorophida",291
"Glossopteridales",289
"Litopterna",287
"Euphoberiida",286
"Astrorhizida",285
"Paxillosida",282
"Diaphanopterodea",277
"ARBACIOIDA",276
"Gleicheniales",273
"Oegopsida",272
"Taxocrinida",272
"ELOPIFORMES",270
"Gentianales",270
"Barrandeocerida",269
"Concavicarida",269
"ACANTHODIFORMES",268
"Carangaria",267
"CHARADRIIFORMES",267
"Rhadinichthyiformes",267
"ARTHRODIRA",266
"Presbyornithiformes",265
"Scutigeromorpha",265
"Hiatellida",259
"Lepadiformes",259
"Lamiales",258
"Osmundales",258
"Marrellida",256
"CTENACANTHIFORMES",255
"Albuliformes",252
"Aspidosiphoniformes",252
"Chondrenchelyiformes",252
"LINGULIDA",252
"CANALIPALPATA",251
"Solemyida",251
"Calanoida",249
"Cladoselachiformes",248
"NAUTILIDA",245
"Eupulmonata",244
"CYCLOSTOMATA",242
"SPIRIFERIDA",242
"To be looked up",241
"Soluta",240
"Dermaptera",238
"Eurypterida",238
"Arbacoida",236
"Ichnites",236
"Uranoscopiformes",235
"PELYCOSAURIA",234
"Amphinomida",233
"Euphorbiales",233
"PTEROSAURIA",233
"Archaeocyathida",232
"Ascocerida",230
"ANTIARCHI",228
"Leptolepiformes",225
"Ebenales",224
"Mesostigmata",224
"Slopalinida",224
"Molpadiida",222
"Trigonoida",222
"Aspidorhynchiformes",219
"Hexactinosida",218
"Priacanthiformes",217
"CROCODYLIA",215
"Cerithimorpha",214
"CLUPEIFORMES",214
"Dendrocrinida",214
"Protorthida",214
"Tubicola",214
"Ricinulei",213
"Thecideida",213
"Diptera?",212
"Echinoida",211
"VALVATIDA",211
"Sphenacodontia",210
"Dilleniales",208
"Euryalida",208
"Hydrocharitales",207
"Hypsogastropoda",207
"Synbranchiformes",206
"Phoenicopteriformes",205
"Pygocephalomorpha",205
"Cryptostomida",204
"FISH COPROLITE",203
"PACHYCORMIFORMES",203
"PASSERIFORMES",203
"Cornulitida",201
"Dentalida",201
"Bactritida",200
"Pectinoidea",200
"Heteractinida",199
"Petromyzontiformes",199
"THECOSOMATA",199
"Notacanthiformes",198
"Reculida",197
"Allocaudata",195
"ISOCRININA",195
"PLESIOSAURIA",195
"Thalattosauria",195
"Mesonychia",194
"Zeiformes",194
"Conocardiida",192
"Scrophulariales",192
"Canalipalpata",191
"Arcidae",189
"Bradoriida",189
"Radiodonta",189
"Coliiformes",188
"Echinodermata",187
"Gasterosteiformes",187
"Palaechinoida",187
"Torpediniformes",186
"Scorpionida",185
"Umbellales",185
"Casuariiformes",184
"Coleoptera?",184
"Cardita",183
"SALENOIDA",183
"Squatiniformes",181
"Hesperornithiformes",180
"Arhynchobdellida",178
"Caproiformes",178
"Myopsida",178
"Systellommatophora",178
"Obolellida",176
"Sphinctozoa",176
"URODELA",176
"Anabantiformes",175
"Kutorginida",175
"TSELFATIIFORMES",175
"Iniopterygiformes",174
"Rhynchonellata",174
"CYPRINODONTIFORMES",173
"unassigned",172
"Dasycladales",171
"Plumatellida",170
"Arthropoda",169
"Pholidota",169
"Haplotaxida",168
"Polymixiiformes",168
"Rubiales",168
"TABULATA",168
"Dentiliida",167
"Sipunculiformes",167
"GRAPTOLOIDEA",166
"Aciculata",165
"Amphisbaenia",165
"Cete",165
"Halecostomi",165
"Roveacrinida",165
"Peltaspermales",164
"Reticulosa",164
"Cyclophyllidea",163
"Pharetronida",163
"Trigoniida",163
"Plesiosauria",161
"Rutales",161
"Trimerellida",161
"Zingiberales",161
"Bourgueticrinida",160
"Ctenacanthiformes",160
"Osteolepiformes",160
"Astrophorida",159
"PHACOPIDA",158
"Triconodonta",158
"Millericrinida",157
"Crocodylomorpha",156
"Hydrocorallina",156
"Incertae Sedis",156
"Lampriformes",156
"Metacopida",156
"Paterinida",156
"Ellimmichthyiformes",155
"Lychniskida",154
"Anthracosauria",153
"CYPRINIFORMES",153
"Protorosauria",153
"SAURISCHIA",153
"Spirillinida",153
"?",152
"Halocyprida",152
"Aglaspida",151
"ECHINOIDA",151
"Stomopneustoida",151
"Marsupialia? indet",150
"PHYMOSOMATOIDA",150
"Anagalida",149
"Billingsellida",149
"SILURIFORMES",148
"TEMNOPLEUROIDA",148
"Uropygi",146
"Caryophyllales",145
"Ceratodontiformes",145
"Cercidiphyllales",145
"CROSSOPTERYGII",145
"Salviniales",145
"Arbacioida",142
"Ellesmerocerida",142
"Stromboidea",142
"Halichondrida",141
"Pennatulacea",141
"Chradriiformes",140
"Robertinida",140
"Sauropterygia",140
"Typhales",138
"Lepidopleurida",137
"CIMOLESTA",136
"Miomera",136
"Spirulida",136
"NEOLORICATA",135
"Salvinales",135
"Paucituberculata",134
"COELACANTHIFORMES",133
"Violales",133
"BATOIDEA",132
"Charales",132
"Trigonocarpales",132
"Unionida",131
"Buxales",130
"Cladocera",130
"Lithornithiformes",130
"Dinocerata",129
"Gogiida",129
"Myricales",128
"Voltziales",128
"XENARTHRA",128
"Aistopoda",127
"Elasipodida",127
"Alismatales",126
"ANSERIFORMES",126
"Pachycormiformes",126
"Struthioniformes",126
"Cephalaspida",125
"Labechiida",125
"Ptyctodontida",125
"Leptothecata",124
"Pholidophoriformes",124
"Ctenostomata",122
"Monostilifera",120
"TREPOSTOMATIDA",120
"Craterostigmorpha",119
"Taxales",119
"Diadectomorpha",118
"Muchisoniina",118
"Taeniodonta",118
"Bursovaginoidea",117
"Filospermoidea",117
"Glomerida",117
"Megaloptera",117
"Pedunculata",117
"Miomoptera",116
"Teuthida",116
"Coronata",115
"Gordioida",115
"Sandcoleiformes",115
"Aracales",114
"Percopsiformes",114
"Spinulosida",114
"Cyperales",113
"Cyrotoneritomorpha",113
"Pityales",113
"RHYNCHONELLIDA",113
"Serpulimorpha",113
"Stromatoporida",112
"Lychniscosida",111
"Tillodonta",111
"insectivore indet.",110
"PANTOLESTA",110
"COMATULIDA",109
"Cyrtonellida",109
"Digenea",109
"Astrapotheria",108
"Cochliodontiformes",108
"Dryolestida",108
"Grylloblattida",108
"Hymenoptera?",108
"Solenida",106
"Tarrasiiformes",106
"Calycina",105
"Cotylosauria",105
"Stephanoberyciformes",105
"Anaspidiformes",104
"Lepidocarpales",104
"Myxiniformes",103
"Pholadacea",103
"Echinocystitoida",102
"Fenestrata",102
"Galaxiiformes",102
"Trochida",102
"Ephippiformes",101
"Eucommiales",101
"Septemchitonida",101
"Thraciida",101
"Ptenoglossa",100
"Architectibranchia",99
"Ceratophyllales",99
"Cystoporata",98
"Diplostraca",98
"Lyssacinosida",98
"Stenurida",98
"Pleurocanthodii",97
"Radiolaria",97
"Schizomida",97
"Eupantotheria",96
"SEMIONOTIFORMES",96
"Sessila",96
"STAURIIDA",96
"Coleoidea",95
"Monotremata",95
"Coscinodiscales",94
"Marchantiales",94
"Proteutheria",94
"Sacoglossa",94
"Dickinsoniamorpha",92
"Amphidiscosida",91
"BERYCIFORMES",91
"Nautiloidea",91
"Amblyopsiformes",90
"Cynodontia",90
"Heterodontiformes",90
"ORNITHISCHIA",90
"Piperales",89
"Garryales",88
"LEPISOSTEIFORMES",88
"Dictyida",87
"NOTOUNGULATA",87
"Siphonostomatoida",87
"Aulacocerida",86
"CREODONTA",86
"Stemmiulida",86
"Arthrodiriformes",85
"Ichthyornithiformes",85
"Phalangiotarbi",85
"Apiales",82
"DERMOPTERA",82
"Megasecoptera",82
"Stylephoriformes",82
"MICROSAURIA",81
"Anthoathecata",80
"Nilssoniales",80
"Uranotheria",80
"Vitales",80
"Chaetetida",79
"Docodonta",79
"Liliales",79
"Rhipidistia",79
"Captorhinomorpha",78
"Craniopsida",78
"Flabelligerida",78
"Raphidiodea",78
"Aneurophytales",77
"Corallinales",77
"Cupressales",77
"Oligopygoida",77
"GALLIFORMES",76
"Pharyngobdellida",75
"Siphonophorae",75
"Calamitales",74
"Hemiptera?",74
"Aepyornithiformes",73
"Amblypygi",73
"Callipodida",73
"GRUIFORMES",73
"Hoplostraca",73
"Poromyida",73
"ELLIMMICHTHYIFORMES",72
"INIOPTERYGIFORMES",72
"Opheliida",72
"Protelytroptera",72
"Raphidioptera",72
"[Unassigned]Patellogastropoda",72
"Aetosauria",71
"Amphionomida",71
"Pandorida",71
"Polyzoniida",71
"Chaetodermatida",70
"Guildayichthyiformes",70
"PETALODONTIDA",70
"Ischnacanthiformes",69
"Semaeostomeae",69
"Cyclostomatida",68
"Modiomorphida",68
"Seguenziida",68
"Sphenodonta",68
"Asioryctitheria",67
"Bryozoa",67
"Caytoniales",67
"Cerititida",67
"Helodontiformes",67
"HETEROCORALLIA",67
"Najadales",67
"Protolepidodendrales",67
"Siphonophorida",67
"Anthoathecatae",66
"Burgessiida",66
"Carybdeida",66
"Echinothurioida",66
"LYSOROPHIA",66
"PHOLADOMYOIDA",66
"ANASPIDEA",65
"Climatiiformes",65
"Palaeodictyoptera",65
"Araneida",64
"Ardeiformes",64
"Cumacea",64
"Docoglossa",64
"Neritoida",64
"Rhynchocephalia",64
"Cephalaspidiformes",63
"CONODONTOPHORIDA",63
"Verongida",63
"Beyrichicopida",62
"Caloneurodea",62
"Gymnosomata",62
"Hiodontiformes",62
"MONOBATHRIDA",62
"PATELLOGASTROPODA",62
"Pinnipedia",62
"Sparassodonta",62
"Diprotodontia",61
"Lucinidae",61
"Oleales",61
"Basslerocerida",60
"Cyrtodontida",60
"Notostraca",60
"Pygasteroida",60
"Dichoporita",59
"Anomodontia",58
"Coronatae",58
"Spongiophytales",58
"Tuzoida",58
"Coccolithales",57
"DIPTERIFORMES",57
"EUOMPHALINA",57
"Loftusiida",57
"NOTHOSAURIA",57
"Osteostraci",57
"Hypoperlida",56
"Ostariophysi",56
"Chancelloriida",55
"Dacryoconarida",55
"Marsupialia indet.",55
"Tetradiida",55
"Unidentified",55
"Aquifoliales",54
"Aspidales",54
"Austrobaileyales",54
"DISPARIDA",54
"ALCYONACEA",53
"Arales",53
"ATHYRIDIDA",53
"Lecithoepitheliata",53
"ORTHOCERIDA",53
"Sphaerotheriida",53
"CETE",52
"CHITONIDA",52
"NECTRIDEA",52
"THECIDEIDA",52
"Articulata",51
"Cyrtocrinida",51
"Illicales",51
"LEPTOLEPIFORMES",51
"MILLEPORINA",51
"Onychodontiformes",51
"Polemoniales",51
"RUGOSA",51
"XENACANTHIDA",51
"Angulotretida",50
"Cephalaspidae",50
"Dioscoreales",50
"Leucosolenida",50
"Pentoxylales",50
"Rhyniales",50
"ARAEOSCELIDA",49
"Archaeopteridales",49
"Archaeopulmonata",49
"Dicksoniales",49
"Hybocrinida",49
"Nematophytales",49
"Canadaspidida",48
"Cyatheales",48
"Cydippida",48
"Diadematoida",48
"Dipterida",48
"Istiophoriformes",48
"Notomyotida",48
"Ostreoida?",48
"Procolophonomorpha",48
"Umbraculida",48
"Cariamiformes",47
"Discoasterales",47
"Medusinimorpha",47
"Notoptera",47
"PALAEOCOPIDA",47
"Phyllocarida?",47
"PYCNODONTIFORMES",47
"Pyrotheria",47
"Stauriidae",47
"Aspidelliformes",46
"Cincta",46
"Desmiodontiformes",46
"Euthycarcinoida",46
"Phrynophiurida",46
"Zygopteridales",46
"HESPERORNITHIFORMES",45
"Protobranchia",45
"Pseudorthocerida",45
"Pyramidellimorpha",45
"Santalales",45
"Synapsida",45
"Agoniatitida",44
"Lichenocrinus?",44
"Petalichthyida",44
"Polycystida",44
"Porolepiformes",44
"Embrithopoda",43
"Neritomorpha",43
"ORECTOLOBIFORMES",43
"Ralliformes",43
"Rhizodontiformes",43
"Schwagerinida",43
"Selaginellales",43
"SYMMORIIDA",43
"AGNOSTIDA",42
"AMIIFORMES",42
"Dennstaedtiales",42
"Myidae",42
"Polyxenida",42
"Rangeomorpha",42
"TRIGONIOIDA",42
"Bryopsidales",41
"Fucales",41
"Oxalidales",41
"Polypteriformes",41
"Protodonata",41
"ANTHRACOSAURIA",40
"APATOTHERIA",40
"Archaeocopida",40
"Brachypoda",40
"Coenopteridales",40
"CRANIIDA",40
"EUGENEODONTIDA",40
"Loftusiidae",40
"Mesosauria",40
"Archinacellida",39
"Hymenophyllales",39
"Poecilostomatoida",39
"SACOGLOSSA",39
"Stylasterina",39
"Thelodontida",39
"Allogastropoda",38
"Anaspida",38
"Atremata",38
"Carchariniformes",38
"Cyclopoida",38
"Dactylochirotida",38
"HIPPURITOIDA",38
"Lepidocoleomorpha",38
"Naviculales",38
"Ophioleucida",38
"Thysanoptera?",38
"Blattida",37
"Linales",37
"Marsileales",37
"Psocodea",37
"Rhizostomeae",37
"Trigonotarbida",37
"Ajacicyathida",36
"Arguloida",36
"Crossognathiformes",36
"Lecythidales",36
"Cowiedesmida",35
"FALCONIFORMES",35
"Invertebrate Order incertae sedis",35
"Lobotiformes",35
"Phanerosteiformes",35
"Pholadomyida",35
"undefinable",35
"Zosterophyllales",35
"Climatiformes",34
"Drepanophycales",34
"Edaphosauria",34
"Eugeneodontiformes",34
"ISOPODA",34
"Polygonales",34
"Porocephalida",34
"Thalattosuchia",34
"Tintinnina",34
"Comarocystitida",33
"Embioptera",33
"Gastropoda Order incertae sedis",33
"Harpetida",33
"Pediomyidae",33
"Platycystitida",33
"Prolecanitida",33
"Rhizocephala",33
"Seymouriamorpha",33
"SPIROBOLIDA",33
"CRYPTOSTOMIDA",32
"HOLASTEROIDA",32
"Lepidopleurina",32
"Nektaspida",32
"PANTODONTA",32
"Platydesmida",32
"Reptiliomorpha",32
"Spirophorida",32
"Crossosomatales",31
"Helioporacea",31
"Lepidoptera?",31
"Pennales",31
"Polycladida",31
"PRODUCTIDA",31
"Cyathocrinida",30
"Eutriconodonta",30
"Fenestellida",30
"Lysorophia",30
"Morganucodonta",30
"Myodocopida",30
"Palpigradi",30
"Platyasterida",30
"Salenoida",30
"Siphonotretida",30
"Spumellarida",30
"Symmoriiformes",30
"Aspidodiadematoida",29
"Cyrtoneritimorpha",29
"GONIATITIDA",29
"Gonorynchiformes",29
"Gorgonacea",29
"ICHTHYORNITHIFORMES",29
"Milleporina",29
"Pristiophoriformes",29
"Scalpelliformes",29
"Symmetrodonta",29
"Tenrecoidea",29
"Ammonitina",28
"Belemnoidea",28
"Craterostigmomorpha",28
"Dinosauria",28
"Errantida",28
"Harpacticoida",28
"incertae sedis",28
"Keratosa",28
"Limida",28
"Pleurobranchomorpha",28
"Streptosclerophorida",28
"Tommotiida",28
"Acrothoracica",27
"ARCHAEOPULMONATA",27
"Cidaroidea",27
"CLADIDA",27
"Geraniales",27
"Lycopodiales",27
"Osteolepidida",27
"Parareptilia",27
"TAENIODONTIA",27
"Trimerophytales",27
"Anagaloidea",26
"Archaeospicularia",26
"Biddulphiales",26
"Blechnales",26
"Caeongastropoda",26
"Echinolampadoida",26
"Helcionellida",26
"Heteroptera",26
"Notaspidea",26
"Sternaspida",26
"Velatida",26
"Asteroxylales",25
"Chelodida",25
"Diatrymiformes",25
"Dictyoptera",25
"Dryopteridales",25
"Orthoptera?",25
"Platycopina",25
"Pleuracanthodii",25
"Podocopina",25
"Squalomorpha",25
"Stannomida",25
"Thysanura",25
"Apogastropoda",24
"Ascaridida",24
"Cladoxylales",24
"Deltatheroida",24
"Forcipatulida",24
"Fragilariales",24
"Heterodonta",24
"INVERT TRACE",24
"Littorinomorpha",24
"Odontopterygiformes",24
"ORTHOTETIDA",24
"Protomonaxonida",24
"Ptycholepiformes",24
"Spalacotherioidea",24
"Spongiomorphida",24
"ACTINOCERIDA",23
"Alepisauriformes",23
"CYSTOPORIDA",23
"DISCOSORIDA",23
"Echiniscoidea",23
"Heliotilida",23
"Leanchoiliida",23
"Miskoiida",23
"Palaeanodonta",23
"Petalodontida",23
"PHOENICOPTERIFORMES",23
"Plagiorchiida",23
"Pyramimonadales",23
"REDLICHIIDA",23
"Agnostia",22
"Aristolochiales",22
"Proteocephalidea",22
"Sarcinulida",22
"Sclaractinia",22
"Stauromedusae",22
"Tuboidea",22
"Ampelocrinida",21
"Anthomedusae",21
"Architarbida",21
"Blattodea?",21
"CONULARIIDA",21
"Echinoneoida",21
"Globigerinina",21
"Hymnoptera",21
"Lepetellida",21
"OSTEOGLOSSIFORMES",21
"Peripodida",21
"PHASMIDA",21
"Pteridales",21
"SALMONIFORMES",21
"Arthropleurida",20
"Ascocystitida",20
"Callistophytales",20
"Clathrinida",20
"Conchyliocarida",20
"Ichthyostegalia",20
"Malphigiales",20
"Menaspiformes",20
"Scleractinia?",20
"Seriata",20
"Ungulata",20
"ASPIDORHYNCHIFORMES",19
"Brisingida",19
"Canellales",19
"Cheirolepidiales",19
"Cheloniellida",19
"Chrysomonadales",19
"Ctenostomatida",19
"Guadalupiida",19
"Ichnofossil",19
"Ischnochitonida",19
"MAMM COPROLITE",19
"Meganisoptera",19
"Pantopoda",19
"PENTAMERIDA",19
"Psammodontiformes",19
"Sarcomastigophora",19
"Stereospondyli",19
"Vaceletida",19
"Clymeniida",18
"Eupodiscales",18
"GASTROPODA",18
"Glomeridesmida",18
"Hexactinosa",18
"Holothuroids",18
"Myodocopina",18
"Nelumbonales",18
"Onsicomorpha",18
"Orodontiformes",18
"PELECANIFORMES",18
"Phthiraptera",18
"Plesiadapiformes",18
"Rhabdosphaerales",18
"Rhychonellida",18
"Therocephalia",18
"Tryblidiida",18
"Tryblidioidea",18
"Achnanthales",17
"Araucariales",17
"Dickinsoniida",17
"Edrioasterida",17
"Gonorhynchiformes",17
"HYDROIDA",17
"Lituitida",17
"Orchocladina",17
"Rhabditida",17
"Rhynchosauria",17
"Taeniocradales",17
"T.o.m.e.g.",17
"Typhloplanoida",17
"Acercostraca",16
"Araneae?",16
"Bacillariales",16
"Batoidei",16
"Cardiida?",16
"Charadriformes",16
"Coelolepida",16
"Corallimorpharia",16
"CORYNEXOCHIDA",16
"edentate indet.",16
"Euselachii",16
"Fistuliporina",16
"Grylloblattodea",16
"insectivore? indet.",16
"Melosirales",16
"Prolecithophora",16
"Prosobranchia order incertae sedis",16
"Ribeirioida",16
"Sphaerocarpales",16
"SPIRACULATA",16
"Stolonifera",16
"Styliolinida",16
"Zygodiscales",16
"Apotheria",15
"Archaeosporales",15
"Ascaridoidea",15
"CAENOGASTROPODA",15
"Chrysomonadida",15
"Cyclostomtida",15
"Echinoderma",15
"Echiuroinea",15
"Filcales",15
"Fucoidia",15
"Gorgonopsia",15
"Limulavida",15
"MODIOMORPHOIDA",15
"ONYCHODONTIFORMES",15
"ORCHOCLADINA",15
"Oribatida",15
"PROCELLARIIFORMES",15
"Psilotales",15
"Sapotales",15
"STROMATOPOROIDEA",15
"TENTACULITIDA",15
"Triceratiales",15
"Trichoptera?",15
"Turritellidae",15
"[Unassigned]Pulmonata",15
"Variacata",15
"Archaeorthoptera",14
"Arctostylopida",14
"Bauriamorpha",14
"Beroida",14
"Channiformes",14
"COCHLIODONTIFORMES",14
"COLEOPTERA",14
"Entomobryomorpha",14
"Kirengellida",14
"Mantodea",14
"MURCHISONIINA",14
"Ophiacodontia",14
"Ophioglossales",14
"Oweniida",14
"Ptychopariina",14
"Stenoglossa",14
"Suliformes",14
"Tubulidentata",14
"ACROTRETIDA",13
"Anarcestida",13
"Archaeopterygiformes",13
"BELEMNITIDA",13
"Cirripedia",13
"DIPLOBATHRIDA",13
"Echinorhynchida",13
"Eugeneodontida",13
"Glosselytrodea",13
"Granatocrinida",13
"Hexasterophora",13
"Pelagiellida",13
"PHOLADIDA",13
"Placodontia",13
"PODICIPEDIFORMES",13
"Rotalliida",13
"Saurichthyiformes",13
"Solanales",13
"Spinicaudata",13
"Tamaricales",13
"Trichinellida",13
"Amphitheriida",12
"Anthacosiacea",12
"Archosauromorpha",12
"Bryales",12
"Cheirolepiformes",12
"CHIMAERIFORMES",12
"COLPOMYIDA",12
"Cryptostomatida",12
"Dentalioida",12
"Dictyonina",12
"Elaeagniales",12
"Enteropneusta",12
"Euonycophora",12
"Eutheria",12
"Gigantopteridales",12
"Goniactinida",12
"Ichnites (theropoda)",12
"Leclerqiales",12
"Leptomedusae",12
"Leptostraca",12
"Leptothecatae",12
"Lophogastrida",12
"Matatiellales",12
"Nostocales",12
"Nothosauria",12
"Paleoloricata",12
"Pedinoida",12
"Perleidiformes",12
"Phyllocarida",12
"Pteropoda",12
"PTYCHOLEPIFORMES",12
"SOLEMYOIDA",12
"STRIGIFORMES",12
"Thallassiosirales",12
"Theriiformes",12
"TILLODONTIA",12
"Trilophosauria",12
"WATERSTONELLIDEA",12
"Xenopneusta",12
"XIPHOSURIDA",12
"Ateleopodiformes",11
"Axinellida",11
"Ceriantharia",11
"CICONIIFORMES",11
"Climatiida",11
"Crocodyliformes",11
"Dipnoiformes",11
"ENDOCERIDA",11
"Homosclerophorida",11
"Lobata",11
"Nebaliacea",11
"Neochoristodera",11
"NOTOSPIDEA",11
"Oegospida",11
"Opisthobranchia",11
"Perischoechinoidea",11
"Phasmida",11
"POLYDESMIDA",11
"Pteriida",11
"Rhabdocoela",11
"Rhizosoleniales",11
"Sessilia?",11
"SILICOFLAGELLATA",11
"Symphypleona",11
"Verbenales",11
"Volborthellida",11
"Anomalodesmacea",10
"Archaeognatha",10
"Archinacelloidea",10
"Ausktribosphenida",10
"Calamopityales",10
"Cephalopoda",10
"Chaetocerotales",10
"Coelenterata",10
"CORNULITIDA",10
"Dendrophyllidae",10
"Dichtyochales",10
"DIPTERA",10
"Discophorae",10
"Echiuroidea",10
"Eunicemorpha",10
"Euonychophora",10
"Favositidae",10
"Helicoidea",10
"HEMICIDAROIDA",10
"ICHTHYOSAURIA",10
"LEPERDITICOPIDA",10
"Nassellariina",10
"Olenellida",10
"Opisthopora",10
"Orlthoptera",10
"Ostreoidea",10
"Ottokariales",10
"Palaeoscolecida",10
"Ptyhcopariida",10
"REPT TRACK",10
"Strongylida",10
"Thalassiosirales",10
"Tridonioida",10
"Tselfatiiformes",10
"Amphiporida",9
"Annelida",9
"Asparagales",9
"BIRD TRACKS",9
"Brooksellida",9
"CLAVULINA",9
"Decopoda",9
"Dicranales",9
"Disasteroida",9
"Fauveliopsida",9
"Gastornithiformes",9
"Jungermanniales",9
"Jurinodendrales",9
"Macrostomorpha",9
"Megalodontoidea",9
"Nassellarida",9
"Nectiopoda",9
"OSTEOSTRACI",9
"Paxsillosida",9
"Pholidopleuriformes",9
"Phyllolepida",9
"Pleurotomariida",9
"Praecardiidina",9
"Rotaliidae",9
"Scandentia",9
"SOLUTA",9
"Syringostromatida",9
"Tetraphyllidea",9
"Teuthidida",9
"THERAPSIDA",9
"Theropoda",9
"Vendotaeniida",9
"Xenacanthida",9
"Zoanthidea",9
"Amphioxiformes",8
"ARCHAEOSTRACA",8
"BACTRITIDA",8
"Barinophytales",8
"Bassommatophora",8
"Bioclaustration",8
"BOURGUETICRINIDA",8
"Bradyodonti",8
"Chasmataspidida",8
"Chloranthales",8
"Cichliformes",8
"\CLADODONT\",8
"Clathrodictyida",8
"CONCHOSTRACA",8
"Copodontiformes",8
"Cornuspiridae",8
"Ctenodrilida",8
"Cucurbitales",8
"Cytheroidea",8
"DIADEMATOIDA",8
"Ephedrales",8
"Flosculariacea",8
"HAPLOLEPIFORMES",8
"Hemizonida",8
"Heterobrancia",8
"Lacertilia",8
"Lecanorales",8
"Lepidogalaxiiformes",8
"Leptophloeales",8
"Mermithida",8
"Mysida",8
"OEGOPHIURIDA",8
"Ostracoda",8
"Paraselachii",8
"Phaethontiformes",8
"Phlebobranchia",8
"Poduromorpha",8
"Proseriata",8
"Redfieldiiformes",8
"RHOMBIFERA",8
"Sclerorhynchiformes",8
"SEEDS",8
"Semaeostomatida",8
"Sphaeronitida",8
"squamata",8
"Symbiida",8
"Temnopleuroida",8
"Tetracorallia",8
"Triblidioidea",8
"Tselfatiformes",8
"unknown",8
"Actinodontida",7
"Archosauria",7
"Aspidiales",7
"Chondrosida",7
"Ctenothrissiformes",7
"Cubomedusae",7
"CYSTIPHYLLIDA",7
"Cystoidea",7
"Czekanowskiales",7
"Diplura",7
"GONORHYNCHIFORMES",7
"Halisarcida",7
"Heliolitida?",7
"Hemiaulales",7
"HEMIPTERA",7
"Hyocrinida",7
"Involutinida",7
"LITOPTERNA",7
"Microchonchida",7
"Neritoina",7
"Oncoceratida",7
"Phasmatodea",7
"Plagioglyptaceae",7
"SAGENOCRINIDA",7
"Salpida",7
"SPIRIFERINIDA",7
"\textulariida\",7
"THECODONTIA",7
"Trichuroidea",7
"Verospongiida",7
"ACIPENSERIFORMES",6
"Actinoceroidea",6
"AMPH TRACK",6
"ATHERINIFORMES",6
"ATRYPIDA",6
"Cepholobaenida",6
"CHORISTIDA",6
"Commelinales",6
"Condylartha",6
"Dechellyales",6
"Dentaloidea",6
"Dictyosteliida",6
"EPHEMEROPTERA",6
"Filarioidea",6
"GAVIIFORMES",6
"Hymenostraca",6
"Insectivora? indet.",6
"Irregularia",6
"Lepospondyli",6
"MADREPORARIA",6
"Micrasteroidea",6
"modiomorphida",6
"Moniliformida",6
"OCTACTINELLIDA",6
"ORTHOPTERA",6
"Palaechinoidea",6
"Paleoptera",6
"Parasemionotiformes",6
"Peltigerales",6
"Phanerocephala",6
"Polymorphida",6
"Proparia",6
"Pteridophyta",6
"REDFIELDIIFORMES",6
"Regulares",6
"Ricinuleida",6
"Scleratinia",6
"Solenomyida",6
"SPINULOSIDA",6
"STOMATOPODA",6
"Strepsiptera",6
"Tabulaconida",6
"TETRAODONTIFORMES",6
"Tracheophyta",6
"Trachylina",6
"Acoela",5
"Acroechinoidea",5
"Actinostromatida",5
"AGELASIDA",5
"Architaenoglossa",5
"ASTRAPOTHERIA",5
"BELLEROPHONTIDA",5
"Bellerophontina",5
"Bolosauria",5
"Choristida",5
"Cimolestida",5
"Clathrina",5
"COLUMBIFORMES",5
"Conchopeltida",5
"Ctenocystoida",5
"Ctenostomida",5
"CUCULIFORMES",5
"Dasycladles",5
"Dendroceratida",5
"Diaphanopteroidea",5
"DIATRYMIFORMES",5
"Dictyoneurida",5
"Discocerida",5
"Dromornithiformes",5
"Eosuchia",5
"FENESTRIDA",5
"Gasterostiformes",5
"Gastropoda",5
"Glyptocystitida",5
"Gondwanatheria",5
"HELIOLITIDA",5
"HYMENOPTERA",5
"Ichnotaxa",5
"Ichthyodorulites",5
"?insectivore indet.",5
"Intejocerida",5
"ISCHNACANTHIDA",5
"ISOCRINIDA",5
"LYSSACINOSA",5
"Mastigograptida",5
"Megalodontida",5
"Mimospirina",5
"Monogenea",5
"Nassellarias",5
"Nothacanthidoformes",5
"Nymphales",5
"Odonata?",5
"Oligacanthorhynchida",5
"Orthopsida",5
"Orthothecida",5
"Other",5
"Pentacystida",5
"Petriellales",5
"Phylloceratida",5
"PHYLLOLEPIDA",5
"Physarida",5
"Pisothalmida",5
"Pleurotomarioidea",5
"Pododopida",5
"Polychaeta",5
"Polycosmitida",5
"Polystilifera",5
"PROTOMONAXONIDA",5
"Protremata",5
"Pseudosporochnales",5
"Rajaformes",5
"REPT SKIN?",5
"RETICULOSA",5
"Rheiformes",5
"Rhenanida",5
"Sarcopterygii",5
"SCORPAENIFORMES",5
"Stegocephali",5
"Stellispongiida",5
"Stolidobranchia",5
"Temnocephalida",5
"Tetralithistida",5
"Turrilepadida",5
"Umkomasiales",5
"Varicata",5
"VETIGASTROPODA",5
"Acorales",4
"Actinistia",4
"Amphidiscospora",4
"Amphidontoidea",4
"Amynilyspedida",4
"Anthoarthecata",4
"Anthoceratida",4
"Asiadelphia",4
"Asterolamprales",4
"Boraginales",4
"Bromeliales",4
"Cassiduloidea",4
"Cavibelonia",4
"Centrechinoida",4
"Ceramiales",4
"CHORISTODERA",4
"Clypeasteroidea",4
"Coenothecalia",4
"CONOCARDIOIDA",4
"Conulatae",4
"CORONATA",4
"Cytocrinida",4
"Decapoda?",4
"DENDROCRINIDA",4
"Dictyochales",4
"Dictyotales",4
"Dissorophoidea",4
"Endothyrida",4
"Eosauropterygia",4
"Equisetidae",4
"Erniettamorpha",4
"FISSICULATA",4
"Fraxinopsiales",4
"Hetairacyathida",4
"Hexanauplia",4
"HEXANCHIFORMES",4
"Hydroidea",4
"Ionoscopiformes",4
"LEPIDOPTERA",4
"Loftusiiida",4
"Lyssacinosa",4
"MAMM TRACK",4
"Marsupiala",4
"Monocyathida",4
"Monura",4
"Myida?",4
"Mytilida?",4
"Neritoidea",4
"Nodosariacea",4
"Ostreida?",4
"Palaeopantopoda",4
"Palaeostomatopoda",4
"Paraplecoptera",4
"Parasuchia",4
"Parvancorinomorpha",4
"PERCOPSIFORMES",4
"Polygalales",4
"Polystomatidea",4
"ProteaIes",4
"PSAMMODONTIFORMES",4
"Pseudophyllidea",4
"Pteroida",4
"Pucciniales",4
"Rhabdoecoela",4
"Rissooidae",4
"Rotaliina",4
"Siphonales",4
"Siphonaptera",4
"Sorbeoconcha {alternate representation}",4
"Sphenodontia",4
"Squatinactiformes",4
"Stromatoporellida",4
"TARRASIIFORMES",4
"TRACHYPSAMMIACEA",4
"Tritylodontoidea",4
"Trypanorhyncha",4
"Ulmaceae",4
"Uncertain status",4
"Vampyromorpha",4
"Zygnematales",4
"Acanthomorpha",3
"ACTINODONTOIDA",3
"Afrosoricida",3
"Aglaophytales",3
"Aglaspidida",3
"Anatiformes",3
"Anguiliformes",3
"ANGUILLIFORMES",3
"Arachnoidiscales",3
"Araeoscelida",3
"Araeoscelidea",3
"ARCHAEOPTERYGIFORMES",3
"Astigmata",3
"Belemnitada",3
"Billlingsellida",3
"Brachyura",3
"Branchiobdellida",3
"Cambrosipunculida",3
"Chlorodendrales",3
"Chromatiales",3
"Corystospermales",3
"Cranida",3
"CRANIOPSIDA",3
"Ctenocystida",3
"Dasyuromorphia",3
"Desmoscolecida",3
"Diadematoidea",3
"Diapsida",3
"DICTYONELLIDA",3
"Echinorhiniformes",3
"Edridoasterida",3
"Embolasteridae",3
"Enantiornithes",3
"Encrinida",3
"Entactinaria",3
"Eoblattida",3
"Eucarida",3
"Fecampiida",3
"?Globorilida",3
"Goniatite",3
"Goniorhynchiformes",3
"Graptolida",3
"HELODONTIFORMES",3
"?Heterocorallia",3
"Hexactinellida incertae sedis",3
"Holasteroidea",3
"HYBOCRINIDA",3
"Hyeniales",3
"Hyolithelminthida",3
"Ichnites (ornithopoda)",3
"INDET",3
"Irregulares",3
"ISOPHIDA",3
"Labyrinthodontia",3
"Laminariales",3
"Lepidosauria",3
"Linguloida",3
"Machaeridia",3
"Maniraptoriformes",3
"MARRELLIDA",3
"Matoniales",3
"Mermithoidea",3
"Metacopina",3
"Metzgeriales",3
"Micropygoida",3
"Mollisonida",3
"Multiplacophora",3
"Murichisoniina",3
"MYCTOPHIFORMES",3
"Nasellaria",3
"Nataligmales",3
"Nematoda",3
"Neritimorpha",3
"Odonatoidea",3
"ORODONTIDA",3
"Orthopterida",3
"Palaeodictyopteran",3
"Paleocaridacea",3
"PANDERICHTHYIDA",3
"Paropsonemida",3
"Paxillosa",3
"Phoebodontiformes",3
"Phyllocaridaduplicate",3
"Phyllodoce",3
"Pinopsida",3
"Polydolopimorphia",3
"POLYPTERIFORMES",3
"Poromyacea",3
"Promillerosauria",3
"Prostigmata",3
"Protosalvinida",3
"Pseudoscorpionida",3
"Psocoptera?",3
"Pteraspidiformes",3
"Rauisuchia",3
"Salvniales",3
"Sceptrulophora",3
"Schizopoda",3
"SEPIIDA",3
"Sepioida",3
"Solitaria",3
"Spatangoida?",3
"Squantiniformes",3
"Stauropteridales",3
"STREPTOSCLEROPHORIDA",3
"Strobilepida",3
"Strongylorida",3
"Surirellales",3
"Synechodontiformes",3
"TAXOCRINIDA",3
"Thelyphonida",3
"TRICONODONTA",3
"Trochoidea",3
"Trombidiformis",3
"Troosticrinida",3
"Tubuliporida",3
"Verongiida",3
"Yarraviales",3
"Acanthochitonida",2
"Acochlidacea",2
"AEDUELLIFORMES",2
"Agaricales",2
"AGLASPIDA",2
"Agnostina",2
"Allogromiida",2
"Ammonoidae",2
"Ammonotina",2
"Anaspidacea",2
"Antiarcha",2
"Aplousobranchia",2
"Apterygiformes",2
"Arcellinida",2
"ARCHAEOCYATHIDA",2
"Archaeolithophyl",2
"Aspidobranchia",2
"Aspidorhynchidae",2
"Atelaspidiformes",2
"Atrypoidea",2
"BARRANDEOCERIDA",2
"Belemnoida",2
"BILLINGSELLIDA",2
"Blattoidea",2
"Buliminida",2
"Callianassidae",2
"Camptostromatoida",2
"Capparales",2
"CARDITOIDA",2
"Caryocystitida",2
"Casuarinales",2
"CERATITIDA",2
"Cestida",2
"Classidulouida",2
"CLIMATIIFORMES",2
"Coleoloida",2
"Commelinidae",2
"Confuciusornithiformes",2
"Cryptonemiales",2
"CTENOSTOMATA",2
"CTENOTHRISSIFORMES",2
"Cupressaceae",2
"Cycloidea",2
"Cyclorhagida",2
"Cydadales",2
"Cymbellales",2
"DACRYOCONARIDA",2
"Demospongea incertae sedis",2
"Diclidophoroidea",2
"Dicranophyllales",2
"Diptera homoptera",2
"Echinostomida",2
"Embrythopoda",2
"Enteropneustida",2
"Euchondrocephali",2
"Eupteleales",2
"FAVOSITIDA",2
"FISH BURROW",2
"Forcipulata",2
"Fordilloida",2
"Formicidae",2
"Fuxianhuiida",2
"GASTEROSTEIFORMES",2
"Globorilida",2
"Glomales",2
"HAPLOSCLERIDA",2
"Haptopoda",2
"HELIOPORACEA",2
"Heterostrophia",2
"Heterotrichida",2
"Hexanuaplia",2
"Hymenoptera diptera",2
"Hymenoptera homoptera",2
"Hymenotpera",2
"Hypoparia",2
"Ichnites indet.",2
"Imbricata",2
"ISOROPHIDA",2
"Juncales",2
"Kentrogonida",2
"Kustarachnae",2
"Lampridiformes",2
"LEIOCOPIDA",2
"LICHIDA",2
"Limnophila",2
"Littorinimorpha?",2
"Lychniscosa",2
"Lycoperdales",2
"Mattheviacea",2
"MESOSAURIA",2
"Microbiotheria",2
"Milleporinae",2
"MILLERICRINIDA",2
"Mimotonida",2
"Mitrocystitida",2
"MOLLUSCA",2
"Monaxonida",2
"MONOPLACOPHORA",2
"Mystacocaridida",2
"Mystiornithiformes",2
"Naticoidea",2
"NAVICULATES",2
"Neomariopteridales",2
"Nerineoidea",2
"Neuroptera?",2
"Noeggerathiales",2
"NOTACANTHIFORMES",2
"Nuculoida?",2
"Octopodida",2
"Odontata",2
"ONCOCERIDA",2
"Order Uncertain",2
"Orthoceratida",2
"ORTHOPSIDA",2
"Ostreioda",2
"Oviraptorosauria",2
"Panorthoptera",2
"Pantotheria",2
"Paronychyophora",2
"PATERINIDA",2
"Pectnoida",2
"PEDINOIDA",2
"Pentoxlyales",2
"PERCOMORPHA",2
"Petalichthida",2
"PETRIFIED WOOD",2
"Phalangeriformes",2
"Phalangiida",2
"Pholidoskepia",2
"PICIFORMES",2
"PLATYASTERIDA",2
"Platycopa",2
"Plumbaginales",2
"Podorhabdales",2
"Pontocypridoidea",2
"Proanura",2
"Prolacertiformes",2
"Prosauropoda",2
"Protacrodontiformes",2
"PSITTACIFORMES",2
"PTERYGOTA",2
"Ptychoparida",2
"PTYCTODONTIDA",2
"Ptyctodontiformes",2
"Pustulosida",2
"Raphidioptera?",2
"REPT COPROLITE",2
"Rhabditophora",2
"Rhochonellida",2
"Rhopaloidales",2
"ROVEACRINIDA",2
"Sabaiales",2
"Sabellidae",2
"Salenioidea",2
"Sauropoda",2
"Scorpiones?",2
"SEDIMENT",2
"Sigmatosclerophorida",2
"SIRENIA",2
"Solpugida",2
"Soricimorpha",2
"Spiomorpha",2
"Spirurida",2
"Squillida",2
"Steganoblastida",2
"Stellispongida",2
"Stolonoidea",2
"Stromatoporelloida",2
"Stylommatophora?",2
"symmetrodont indet.",2
"Symmoriidiformes",2
"Syringocnemidida",2
"Thalassiophysales",2
"Theriodontia",2
"Tillodontia",2
"Tingiales",2
"Trachelocrinida",2
"Trachylinida",2
"Trilobita",2
"uncertain",2
"Veneridae",2
"Veneroidea",2
"Waterstonellidea",2
"Wiwaxiacea",2
"Zoanthiniaria",2
"Zoraptera",2
"ACANTHODIDA",1
"Acanthomorphata",1
"Acari",1
"Acarida",1
"Acarina",1
"ACARINA",1
"Acochidioidea",1
"Acrotrematida",1
"Acrotretoida",1
"Actinomycetales",1
"Actinostromatid",1
"Aculiferae",1
"Aglossa",1
"AISTOPODA",1
"AJACICYATHIDA",1
"Albuiformes",1
"AMBER",1
"AMPH COPROLITE",1
"Amplelicrinida",1
"Anaulales",1
"Angelasida",1
"Anisoptera",1
"Ankyroida",1
"Anomura",1
"Antarctilamniformes",1
"Anthipatharia",1
"Antipleuroida",1
"Aphididae",1
"Apygophora",1
"Arandaspidiformes",1
"Aranei",1
"Archaegnatha",1
"Archaeolithophyllales",1
"Archeopteridales",1
"Arhynchobdella",1
"Arthracanthida",1
"ASPIDOCHIROTIDA",1
"Astacidea",1
"Astigmata?",1
"Astrapidiformes",1
"Atrypa",1
"Auloporidae",1
"Bairdioidea",1
"Balaenicipitiformes",1
"Begoniales",1
"Beyrichiocopa",1
"BIRD PELLET",1
"Birkeniiformes",1
"Blatteria",1
"Bolivinoidea",1
"Boraginaceae",1
"Botryopteridales",1
"Brachiata",1
"Brassicales",1
"Bursovaginoida",1
"Caenogastrpoda",1
"Caenogastrpopda",1
"Calcaronea",1
"Calliostomatidae",1
"Calliotropidae",1
"Callitrichales",1
"Calyptoptomatida",1
"Capsalidea",1
"Capsulocyathida",1
"Cariamae",1
"Carinacea",1
"Carybeida",1
"Cephalaspidida",1
"Cephalodiscoidea",1
"Certartiodactyla",1
"Chaetophorales",1
"Charcharhiniformes",1
"Charophyta",1
"Chelonia indet.",1
"Chondrophora",1
"Chytridiales",1
"Cimlesta",1
"Cladoselachida",1
"Cladoxiales",1
"Clavulina",1
"Climacospheniales",1
"Clymenida",1
"Clypaeasteroida",1
"Clypeastroida",1
"Coccosphaerales",1
"Coeleoptera",1
"Coelurosauria",1
"Coleoptera homoptera diptera",1
"Coleptera",1
"Coniferopsida",1
"Conularida",1
"Copelata",1
"Copeognatha",1
"CORACIIFORMES",1
"Coscinodiscophyceae",1
"Croomiocarpon",1
"CRYPTOZONIA",1
"Ctenobranchiata",1
"Cycadofilicales",1
"Cyclocystida",1
"Cyclophthalmidae",1
"CYRTOCRINIDA",1
"Cytrocrinida",1
"Dactylopteriformes",1
"Demospongeaduplicate",1
"DENDROCHIROTIDA",1
"Dermaptera?",1
"DESMIODONTIDA",1
"DESMOSTYLIA",1
"DICHOPORITA",1
"Dictya",1
"Dictyoneidales",1
"Didymoconida",1
"DINORNITHIFORMES",1
"DIPLOPORITA",1
"Diprotodontidae",1
"Diptera??",1
"Diptera,blattoidea",1
"DISCINOCARINA",1
"Discocorida",1
"Dordrechtitales",1
"Dothideales",1
"Echiurida",1
"EGG CAPSULE",1
"Elasmobranchii",1
"ELLESMEROCERIDA",1
"Ellobiida",1
"Embioptera??",1
"Entognatha",1
"Eocarida",1
"Ephemeridea",1
"Erdtmanithecales",1
"Eryopiformes",1
"Ethmodiscales",1
"Euarchonta",1
"Eucoccidiorida",1
"Eucopepoda",1
"Eugaleaspidiformes",1
"Eunotiales",1
"Euomaphalina",1
"Euomphalida",1
"Euonychyophora",1
"Eupelycosauria",1
"Euteleostei",1
"Euthycarcinida",1
"Favositida?",1
"Favositina",1
"Fissurellidae",1
"Fistuliporita",1
"Fordillida",1
"Gelidales",1
"Gigantorhynchida",1
"Gigartinales",1
"Gingkoales",1
"Gliriformes",1
"Globorotaliacea",1
"Globothalamea",1
"Gnetales",1
"Gobiesociformes",1
"Gracilariales",1
"Graptolithoidea",1
"Grimmiales",1
"Halecomorphi",1
"Haplocytheridea",1
"Haptopodida",1
"Harpactacoida",1
"Helicoplacida",1
"Helioporida",1
"Helminthomorpha",1
"Hemicosmitida",1
"Hempitera",1
"Heterocorallia",1
"Heteroglossa",1
"Hirohitoimperialis",1
"Holothyrida",1
"Homalorhagida",1
"Homoctenida",1
"HOMOPTERA",1
"Homoscleromorpha",1
"Hupehsuchia",1
"Hyalospongia",1
"Hydrozoa",1
"HYMENOSTRAEA",1
"Hyolithelminthes",1
"Hypnales",1
"Iberomesornithidae",1
"Ichnites (testudines)",1
"Ichthyocrinacea",1
"Ichthyopterygia",1
"Ichthyornithoformes",1
"Ichthyosporea",1
"ICZN",1
"Inozoida",1
"Insectivora indet.",1
"invertebrate track",1
"IONOSCOPIFORMES",1
"Ischnochitonina",1
"Isoposa",1
"Jamoytiiformes",1
"Kiringellida",1
"Kustarachnida",1
"Lavrales",1
"Leanchoilida",1
"Leitneriales",1
"Lepidosauromorpha",1
"Lerneopodidea",1
"Limnomedusae",1
"Lissamphibia",1
"Lithistida?",1
"LITHOGLYPTIDA",1
"Lithonida",1
"LITHONIDA",1
"Lituola",1
"Luidiidae",1
"Lyssacinosidea",1
"Mastacembeliformes",1
"Mathildellidae",1
"Megalopiformes",1
"MENASPIFORMES",1
"Meridiungulata",1
"Milolida",1
"MINERALS",1
"MITRATA",1
"Mitrocystidae",1
"Mixodontia",1
"Modiomorphoidea",1
"Monopisthocotylea",1
"Monotocardia",1
"Myalinata",1
"Mydocopida",1
"Myelodactylida",1
"Myodia",1
"MYODOCOPIDA",1
"MyrtaIes",1
"Myrtales?",1
"Mytlida",1
"Myzostomida",1
"Nemertea",1
"Nemertodermatida",1
"Neogasatrpoda",1
"Neogastropda",1
"Neogastropoda?",1
"Neogastrpoda",1
"Nerineid",1
"Nothosauroidea",1
"Nowakiida",1
"Nuculanioda",1
"NUCULIDA",1
"Nyphaeales",1
"O",1
"OBOLELLIDA",1
"Octocorallia",1
"ODONATA",1
"Onygenales",1
"OPHIDIIFORMES",1
"Ostereoida",1
"Ostropales",1
"Palaeodictyopteroidea",1
"Palaeomanteida",1
"Palaeophyllales",1
"Paleocopida",1
"Paleodictyopterida",1
"Paleotaxodonta",1
"Pandanalesï¿½",1
"Papaverales",1
"Parachela",1
"PARASEMIONOTIFORMES",1
"Parasitiformes",1
"Pareiasauria",1
"Passiflorales",1
"Patagopterygiformes",1
"Pectinidae",1
"Pegasiformes",1
"PELTOPLEURIFORMES",1
"Peritricha",1
"Permopsocida",1
"PETALICHTHYIDA",1
"Phalangiotarbida",1
"PHARETRONIDA",1
"PHOLIDOPLEURIFORMES",1
"Phragmoteuthida",1
"Phrynichida",1
"Planorbidea",1
"Planorboidea",1
"PLATYCYSTIDIDA",1
"Plecoptera?",1
"Plectoptera",1
"Pleurogona",1
"POLYCHAETA",1
"Polytrichales",1
"Poromyoida",1
"Priapulida Order incertae sedis",1
"Primulales",1
"PROANURA",1
"PROETIDA",1
"Prosomatifera",1
"Proterthoptera",1
"Protocicadida",1
"Protonychophora",1
"PROTORTHIDA",1
"Psammosteiformes",1
"Pseudocrinites",1
"Pteraspidomorphi",1
"Pterygotaduplicate",1
"PYGASTEROIDA",1
"Pyrosomatida",1
"Quadrimorphinidae",1
"RADIOLARIA",1
"Raphidoptera",1
"Restionales",1
"Rhabdopleuroidea",1
"Rhenaniformes",1
"Rhopalodiales",1
"rodentia",1
"Runcinacea",1
"Sabellida?",1
"Sabillida",1
"Sachitida",1
"Scarabaeida",1
"SCEPTRULOPHORA",1
"Scolecida",1
"SCORPIONIDA",1
"Scutibranchiata",1
"Sedentaria",1
"Selachimorpha",1
"Siphonaptera?",1
"Siphonotestales",1
"SIPHONOTRETIDA",1
"Solemyiida",1
"Somatopoda",1
"Sorbeconcha",1
"Sorbeochoncha",1
"Spatangidea",1
"Spatangoia",1
"Sphaerocoeliida",1
"SPHAEROCOELIIDA",1
"Sphenocephaliformes",1
"Spirilinida",1
"Spirosclerophorida",1
"SPIRULIDA",1
"Spirurorida",1
"Squalorajiformes",1
"Stagonolepididae",1
"STELLISPONGIIDA",1
"Stomapopoda",1
"STRUTHIONIFORMES",1
"Stygiomysida",1
"Surilellales",1
"Tabulospongida",1
"TARPHYCERIDA",1
"Taxocrinidia",1
"Teleodesmacea",1
"Tetramerocerata",1
"THECOIDEA",1
"Theria",1
"Thyestiida",1
"Trachypsammiacea",1
"Treptostomata",1
"Tribotheria",1
"Trichocephalida",1
"Tricoptera",1
"Trochidae",1
"Trochiliformes",1
"Trombidiformes?",1
"Truncatelloidea",1
"Tubulariae",1
"Ulvales",1
"Unassigned",1
"UNCERTAIN",1
"Unknown",1
"URTICALES",1
"Veneroida?",1
"Volvocales",1
"Xenusiida",1
"Xylariales",1
"Zoantharia",1
"Zygentoma",1
