"nomenclaturalCode","reps"
"ICZN",3131256
"",2907255
"ICBN",160917
"bone",11806
"exoskeleton",6966
"noncompliant",3865
"tooth, molar",3405
"tooth",2902
"dentary",2739
"phalanx",2531
"vertebra",2249
"humerus",2003
"rib",1451
"tree core",1390
"femur",1363
"skull",1313
"tibia",1147
"tooth, molar; dentary",1111
"trace fossil",1110
"scapula",1077
"radius",962
"vertebra, cervical",954
"innominate",929
"metatarsal",915
"unknown",886
"ulna",870
"vertebra, thoracic",858
"metacarpal",816
"maxilla",756
"centrum, caudal",746
"centrum",733
"dentary; tooth, molar; tooth, premolar",700
"leaf",609
"astragalus",585
"tooth, premolar",557
"calcaneum",518
"tooth, incisor; tooth, molar; dentary",511
"antler",509
"neural arch",493
"tarsometatarsus",475
"long bone",463
"vertebra, lumbar",414
"maxilla; tooth, molar",403
"metapodial",364
"tendon, ossified",353
"dentary; tooth, incisor",349
"sediment",348
"neural spine",345
"dentary; tooth, molar; tooth, incisor",337
"tibiotarsus",297
"tibiofibula",295
"frontal",286
"horn",272
"vertebra, atlas",272
"coracoid",268
"skeleton, postcranial",250
"tooth, incisor",247
"carpal",245
"chevron",223
"fibula",218
"ungual",218
"skeletal element",212
"tooth; dentary",212
"carpometacarpus",207
"mandible",200
"tarsal",200
"cranium",179
"vertebra, axis",174
"vertebra, caudal",171
"sacrum",169
"tusk",154
"tooth, molar; tooth, premolar; dentary; tooth, incisor",149
"ilium",139
"squamosal",135
"tooth, premolar; dentary",135
"parietal",131
"tooth, incisor; dentary",127
"premaxilla",120
"guard",119
"quadrate",116
"maxilla; tooth, molar; tooth, premolar",111
"stem",111
"dentary; tooth, molar; tooth, premolar; tooth, incisor",108
"sternum",102
"radioulna",101
"zygapophysis",96
"scute",82
"tooth, molar; maxilla",77
"bill",76
"carapace",75
"tooth, canine",75
"tooth, molar; tooth, incisor; tooth, canine; tooth, premolar; dentary",73
"tooth, premolar; maxilla; tooth, molar",73
"palate",65
"skull; tooth, molar; tooth, premolar",64
"skull; tooth, molar; tooth, incisor",62
"jugal",61
"skull; tooth, canine; tooth, premolar; tooth, molar; tooth, incisor",58
"rib, dorsal",55
"plastron",53
"dentary; tooth, incisor; tooth, molar; tooth, premolar; tooth, canine",51
"furculum",50
"synsacrum",50
"tympanic bulla",50
"premaxilla; tooth, incisor",47
"ischium",44
"basioccipital",42
"spine",42
"vertebra, dorsal",42
"cuneiform",41
"patella",40
"skull; tooth, molar",40
"lithified wood",36
"metacarpal; metacarpal sample",35
"navicular",35
"naviculo-cuboid",35
"dentary; tooth, molar; tooth, premolar; tooth, canine",33
"surangular",31
"scale",30
"wing",30
"centrum, dorsal",29
"neural arch, caudal",29
"neural arch, cervical",29
"cuboid",28
"trace fossil; trace fossil",28
"transverse process",28
"seed",27
"tooth, molar; tooth, canine; tooth, premolar; dentary",27
"palate; tooth, molar",26
"postorbital",26
"pubis",26
"tooth, fang",26
"nasal",25
"tooth, incisor; tooth, premolar; dentary",25
"tooth, premolar; maxilla",25
"humerus; humerus sample",24
"magnum",24
"maxilla; dentary",24
"maxilla; tooth, premolar",24
"tooth, incisor; premaxilla",24
"exoccipital",23
"metatarsal; metatarsal sample",23
"urostyle",22
"maxilla; tooth",21
"occipital condyle",21
"osteoderm",21
"pelvic girdle",21
"skull; dentary",21
"palate; tooth, molar; tooth, premolar",20
"tooth, molar; palate",20
"maxilla; premaxilla",18
"quadratojugal",17
"tibia; tibia sample",17
"lunar",16
"pes",16
"skull; tooth, incisor",16
"unciform",16
"sesamoid",15
"basisphenoid",14
"exoskeleton; exoskeleton",14
"skull; tooth, molar; tooth, premolar; tooth, incisor; tooth, canine",14
"dentary; dentary sample",13
"dentary; tooth; dentary sample",13
"dentary; tooth, premolar; tooth, incisor",13
"hair",13
"tooth, fang; premaxilla",13
"articular",12
"petrosal",12
"pterygoid",12
"tooth, molar; tooth, premolar",12
"dentary; frontal; maxilla",11
"exoskeleton; bone",11
"phragmocone",11
"pisiform",11
"skull; skull sample",11
"skull; tooth, incisor; tooth, premolar; tooth, molar",11
"ulna; radius",11
"angular",10
"bone; scale",10
"dentary; maxilla; tooth, molar",10
"frontal; dentary",10
"parietal; frontal",10
"skeleton",10
"tooth, molar; tooth, canine; tooth, premolar; maxilla",10
"vertebra, cervical; vertebra, cervical sample",10
"dentary; tooth, canine; tooth, molar",9
"operculum",9
"scaphoid",9
"skull; tooth, premolar",9
"tooth, molar; maxilla; tooth, canine; tooth, premolar; tooth, incisor",9
"dentary; tooth, molar; tooth, canine",8
"dentary; tooth, molar; tooth; tooth, incisor",8
"femur; femur sample",8
"podial",8
"scapula; scapula sample",8
"shell (fossil)",8
"skull; skeleton",8
"skull; tooth, premolar; tooth, molar; tooth, incisor",8
"tooth, premolar; tooth, molar",8
"trapezoid",8
"whole organism (mummified)",8
"centrum, cervical",7
"clavicle",7
"dentary; palate; tooth, molar",7
"dentary; tooth, molar",7
"dentary; tooth, molar; tooth",7
"dentary; tooth, molar; tooth, canine; tooth, incisor",7
"ICN",7
"innominate; innominate sample",7
"lacrimal",7
"laterosphenoid",7
"maxilla; tooth, incisor; tooth, molar; tooth, premolar; tooth, canine",7
"maxilla; tooth, molar; tooth, premolar; tooth, canine",7
"prefrontal",7
"skull; mandible",7
"skull; tooth",7
"temporal",7
"undefinable",7
"bone; tooth",6
"coal ball",6
"horn core",6
"hyoid",6
"palate; maxilla",6
"radius; radius sample",6
"rib, caudal",6
"skull; tooth, premolar; tooth, canine; tooth, molar",6
"tooth, incisor; maxilla; tooth, molar",6
"tooth, premolar; palate; tooth, molar",6
"tooth; tooth sample",6
"bone; sediment",5
"dentary; tooth; dentary sample; dentary sample",5
"dentary; tooth, molar; maxilla",5
"fibula; tibia",5
"frontal; horn",5
"ilium; innominate",5
"metapodial; metapodial sample",5
"palatine",5
"radioulna; radioulna sample",5
"skull; tooth, premolar; tooth, molar; tooth, canine",5
"sphenethmoid",5
"supraoccipital",5
"tooth; exoskeleton",5
"tooth, molar; tooth, canine; dentary; tooth, incisor",5
"tooth, molar; tooth; tooth, premolar; dentary",5
"amber",4
"baculum",4
"dentary; tooth, premolar; tooth, molar",4
"ectopterygoid",4
"egg shell",4
"frontal; frontal",4
"ilium; ischium",4
"malleus",4
"tooth, molar; tooth, molar",4
"tooth, molar; tooth, premolar; maxilla; premaxilla",4
"tooth, premolar; maxilla; tooth, canine",4
"unknown; exoskeleton",4
"unknown; tooth",4
"vertebra; vertebra sample",4
"bone; exoskeleton",3
"dentary; dentary",3
"dentary; maxilla",3
"dentary; maxilla; tooth",3
"dentary; tooth, canine; tooth, premolar",3
"dentary; tooth, incisor; tooth, molar",3
"dentary; tooth, molar; palate",3
"dentary; tooth; tooth, premolar",3
"dentary; tooth; tooth sample; dentary sample",3
"feather",3
"feces",3
"mandible; tooth",3
"maxilla; frontal",3
"maxilla; maxilla sample",3
"maxilla; tooth, canine; tooth, premolar; tooth, incisor",3
"maxilla; tooth, molar; tooth, premolar; tooth, incisor",3
"palate; dentary",3
"skull; skull",3
"splenial",3
"sternal",3
"tibiofibula; femur",3
"tooth, canine; dentary",3
"tooth, incisor; tooth, molar; tooth, premolar",3
"tooth; maxilla; tooth, molar",3
"tooth, molar; tooth, incisor",3
"tooth, molar; tooth, premolar; dentary; maxilla",3
"tooth; tooth, incisor",3
"zygomatic arch",3
"alisphenoid",2
"angular; angular",2
"articular; angular",2
"astragalus; calcaneum",2
"calcaneum; astragalus",2
"calcaneum; calcaneum sample",2
"carapace; pelvic girdle; long bone",2
"cone",2
"coracoid; humerus",2
"cranium; cranium sample",2
"dentary; palate; tooth",2
"dentary; tooth; maxilla",2
"dentary; tooth, premolar; tooth, canine",2
"exoccipital; exoccipital; exoccipital sample",2
"femur; femur",2
"femur; humerus",2
"femur; humerus; tibia",2
"frontal; maxilla",2
"frontal; parietal; squamosal",2
"frontal; premaxilla",2
"innominate; ischium",2
"laterosphenoid; laterosphenoid; laterosphenoid sample",2
"mandible; quadrate",2
"maxilla; maxilla",2
"maxilla; maxilla sample; maxilla sample; maxilla sample",2
"maxilla; squamosal",2
"maxilla; tooth, canine; tooth, molar; tooth, premolar",2
"maxilla; tooth, molar; tooth, premolar; premaxilla",2
"metapodial; phalanx",2
"metatarsal; femur",2
"metatarsal; metapodial",2
"nasal; nasal",2
"needle",2
"palate; tooth, molar; tooth, premolar; tooth, canine",2
"pectoral girdle",2
"plastron; carapace",2
"postorbital; postorbital",2
"predentary",2
"prefrontal; prefrontal",2
"prootic",2
"pygostyle",2
"quadratojugal; quadratojugal",2
"rib; rib",2
"rib; rib sample",2
"rostrum",2
"scapulocoracoid",2
"sediment; sediment",2
"skin",2
"skull; maxilla",2
"skull; maxilla; dentary",2
"skull; tooth, canine; tooth, incisor; tooth, premolar; tooth, molar; mandible",2
"skull; tooth; dentary",2
"skull; tooth; dentary; tooth sample",2
"skull; tooth, premolar; tooth, incisor",2
"skull; tympanic bulla",2
"squamosal; tympanic bulla",2
"stem; leaf",2
"supraoccipital; supraoccipital; supraoccipital",2
"synsacrum; innominate",2
"temporal; tympanic bulla",2
"tendon, ossified; tendon, ossified",2
"tibia; radius",2
"tibia; tibia sample; tibia sample",2
"tibiofibula; humerus",2
"tibiofibula; metatarsal",2
"tooth, carnassial",2
"tooth, incisor; maxilla",2
"tooth, incisor; tooth, canine; tooth, premolar; dentary",2
"tooth, molar; dentary; tooth, incisor; maxilla",2
"tooth, molar; maxilla; premaxilla",2
"tooth, molar; rostrum; tooth, premolar",2
"tooth, molar; tooth, premolar; tooth, incisor; maxilla",2
"tooth, premolar; palate",2
"tooth; tooth, premolar",2
"tympanic bulla; squamosal",2
"ulna; dentary",2
"ulna; humerus",2
"vertebra, atlas; vertebra, atlas sample",2
"vertebra, axis; vertebra, axis sample",2
"vertebra; long bone",2
"vertebra, lumbar; vertebra, thoracic",2
"antler; frontal",1
"astragalus; astragalus sample",1
"astragalus; radius",1
"astragalus; tooth",1
"basioccipital; basioccipital",1
"basioccipital; exoccipital",1
"basisphenoid; basisphenoid sample",1
"bone; bone; bone",1
"bone; bone sample",1
"bone; egg shell",1
"bone; tooth, premolar",1
"bone; vertebra",1
"calcaneum; astragalus; metapodial",1
"carapace; plastron; long bone",1
"carpometacarpus; metacarpal",1
"centrum, dorsal; rib; centrum, dorsal; centrum, dorsal",1
"coracoid; scapula",1
"coracoid; vertebra",1
"cranium; maxilla",1
"cranium; skeleton, postcranial",1
"cuboid; metatarsal; vertebra; innominate; calcaneum",1
"dentary; femur",1
"dentary; frontal",1
"dentary; frontal; maxilla; premaxilla",1
"dentary; frontal; premaxilla",1
"dentary; humerus; long bone",1
"dentary; maxilla; cranium; squamosal; parietal; frontal",1
"dentary; maxilla; premaxilla",1
"dentary; maxilla; tooth, molar; tooth, premolar; rib",1
"dentary; maxilla; tooth, molar; tooth, premolar; tooth, incisor",1
"dentary; metatarsal; tooth",1
"dentary; parietal; dentary",1
"dentary; parietal; frontal",1
"dentary; parietal; maxilla",1
"dentary; premaxilla; maxilla",1
"dentary; premaxilla; palate",1
"dentary; premaxilla; skeletal element; squamosal; frontal; tooth, incisor",1
"dentary; premaxilla; tooth, premolar",1
"dentary; radius",1
"dentary; skeleton; dentary sample",1
"dentary; squamosal; frontal; maxilla",1
"dentary; squamosal; maxilla",1
"dentary; tooth, canine; tooth, incisor; premaxilla",1
"dentary; tooth, canine; tooth, premolar; tooth, molar; tooth, canine sample; dentary sample",1
"dentary; tooth, incisor; tooth, molar; tooth, premolar",1
"dentary; tooth, incisor; tooth; premaxilla; frontal",1
"dentary; tooth, molar; dentary sample",1
"dentary; tooth, molar; premaxilla; maxilla",1
"dentary; tooth, molar; tooth, incisor; maxilla",1
"dentary; tooth, molar; tooth; maxilla",1
"dentary; tooth, molar; tooth, molar; tooth, premolar",1
"dentary; tooth; premaxilla",1
"dentary; tooth, premolar; maxilla",1
"dentary; tooth, premolar; tooth, molar; palate",1
"dentary; tooth; tooth, incisor",1
"dentary; tooth; tooth; tooth; tooth; tooth; tooth; tooth; tooth; tooth; tooth; tooth; tooth; tooth; tooth; tooth; tooth; tooth; tooth; tooth; tooth; tooth; tooth; tooth; dentary",1
"dentary; ulna; scapula",1
"dentary; ulna; tooth",1
"dentary; vertebra",1
"ectopterygoid; ectopterygoid; ectopterygoid sample",1
"egg shell; skeletal element",1
"exoskeleton; exoskeleton sample",1
"exoskeleton; sediment; tooth",1
"femur; dentary; tooth, incisor",1
"femur; humerus; radius",1
"femur; humerus; scapula",1
"femur; humerus; tooth",1
"femur; innominate; metatarsal; tibiofibula; tooth, premolar",1
"femur; metapodial; tibia; radius",1
"femur; radius; metapodial; tympanic bulla; tooth",1
"femur; skeletal element",1
"femur; tibiofibula; radius",1
"femur; tooth, molar; dentary",1
"fibula; calcaneum",1
"fibula; fibula sample",1
"foot",1
"frontal; frontal sample",1
"frontal; maxilla; squamosal",1
"frontal; tibia; radius; squamosal",1
"frontal; tooth, premolar; premaxilla; tooth, molar",1
"guard; guard",1
"hoof wall",1
"humerus; bill",1
"humerus; carpometacarpus",1
"humerus; clavicle; scapula",1
"humerus; dentary",1
"humerus; femur; phalanx; metatarsal; tarsal",1
"humerus; fibula; innominate; femur",1
"humerus; humerus",1
"humerus; humerus sample; humerus sample",1
"humerus; innominate; tibia; tooth",1
"humerus; maxilla",1
"humerus; metatarsal; tibia",1
"humerus; phalanx",1
"humerus; plastron",1
"humerus; premaxilla; zygomatic arch; tooth, premolar; mastoid",1
"humerus; tooth; ulna",1
"humerus; vertebra; ulna; coracoid; radius; scapula; synsacrum; rib; innominate",1
"ilium; femur; rib; vertebra; fibula; tibia",1
"ilium; vertebra, axis",1
"incus",1
"innominate; dentary",1
"innominate; femur",1
"innominate; humerus",1
"innominate; innominate",1
"innominate; long bone",1
"innominate; rib; rib",1
"innominate; sacrum",1
"innominate; synsacrum",1
"innominate; tibia",1
"ischium; pubis; femur",1
"jugal; jugal",1
"jugal; jugal; jugal sample",1
"lacrimal; lacrimal",1
"lacrimal; lacrimal sample",1
"lacrimal; malar",1
"lithified wood; exoskeleton",1
"long bone; carapace",1
"long bone; dentary",1
"long bone; femur",1
"long bone; long bone",1
"long bone; long bone sample",1
"long bone; metapodial; calcaneum",1
"lunar; astragalus; magnum",1
"magnum; trapezoid",1
"malar",1
"mandible; angular",1
"mandible; humerus",1
"mandible; tooth, incisor; tooth, molar; tooth, premolar; tooth, canine",1
"mandible; tooth, molar; tooth, premolar",1
"manus",1
"mastoid",1
"mastoid; parietal; frontal",1
"maxilla; humerus",1
"maxilla; maxilla; maxilla sample",1
"maxilla; parietal; tooth, molar; tooth, premolar",1
"maxilla; squamosal; frontal; parietal",1
"maxilla; tooth; dentary; humerus",1
"maxilla; tooth; maxilla sample; maxilla sample",1
"maxilla; tooth, molar; maxilla",1
"maxilla; tooth, molar; premaxilla",1
"maxilla; tooth, molar; tooth, canine",1
"maxilla; tooth, molar; tooth, canine; tooth, incisor",1
"maxilla; tooth, premolar; palate",1
"maxilla; tooth, premolar; tooth, canine",1
"maxilla; tooth, premolar; tooth, molar",1
"maxilla; tooth, premolar; tooth, molar; tooth, premolar",1
"maxilla; tooth; tooth, molar; tooth, premolar",1
"maxilla; tooth; tooth sample; maxilla sample",1
"metacarpal; metacarpal sample; metacarpal sample",1
"metapodial; tibia",1
"metatarsal; femur; metatarsal; metatarsal; calcaneum; tibia; bone; calcaneum; phalanx; tibia; femur; phalanx",1
"metatarsal; humerus",1
"metatarsal; metacarpal",1
"metatarsal; metacarpal; phalanx",1
"metatarsal; metatarsal sample; metatarsal sample",1
"metatarsal; phalanx; ulna",1
"nasal; frontal",1
"nasal; maxilla; frontal",1
"nasal; nasal; nasal sample",1
"naviculo-cuboid; metatarsal",1
"neural spine; neural spine sample",1
"occipital condyle; basioccipital",1
"palate; tooth",1
"palate; tooth, premolar",1
"palate; tooth, premolar; tooth, molar; tooth, canine",1
"palate; vertebra, atlas; maxilla; skeletal element",1
"palatine; palatine sample",1
"parietal; dentary",1
"parietal; parietal",1
"parietal; parietal; parietal sample",1
"parietal; squamosal",1
"parietal; supraoccipital",1
"pelvic girdle; carapace",1
"pelvic girdle; ilium",1
"pelvic girdle; osteoderm",1
"petrosal; tympanic bulla",1
"phalanx; cuboid; metacarpal; metatarsal; cuneiform; bone",1
"phalanx; humerus; tibiotarsus",1
"phalanx; metatarsal; astragalus; calcaneum; navicular; cuneiform",1
"phalanx; metatarsal; sesamoid; humerus",1
"phalanx; patella",1
"phalanx; phalanx",1
"phalanx; phalanx sample",1
"phalanx; podial; metapodial; calcaneum",1
"phalanx; scapula",1
"phalanx; tarsometatarsus; tibiotarsus",1
"phalanx; tooth, incisor",1
"pharyngeal arch",1
"plastron; scute",1
"podial; phalanx",1
"postorbital; frontal",1
"postorbital; postorbital sample",1
"postorbitofrontal",1
"predentary; neural arch; tendon, ossified; bone; bone",1
"predentary; predentary; predentary sample",1
"premaxilla; dentary",1
"premaxilla; maxilla",1
"premaxilla; maxilla; bone; tooth, premolar; tooth",1
"premaxilla; maxilla; tooth, molar; tooth, canine; tooth, incisor",1
"premaxilla; maxilla; tooth, molar; tooth, incisor",1
"premaxilla; maxilla; tooth, molar; tooth, premolar; tooth, canine",1
"premaxilla; maxilla; tooth, premolar; dentary; tooth, incisor",1
"premaxilla; maxilla; tooth, premolar; tooth, canine; tooth, incisor",1
"premaxilla; palate; tooth, molar; tooth, premolar",1
"premaxilla; premaxilla",1
"premaxilla; premaxilla; premaxilla sample",1
"premaxilla; premaxilla; tooth, molar; tooth, premolar; tooth, incisor",1
"premaxilla; skeletal element; tooth, molar; maxilla",1
"premaxilla; tooth, canine; tooth, incisor; maxilla",1
"premaxilla; tooth, canine; tooth, premolar; maxilla",1
"premaxilla; tooth; dentary; maxilla",1
"premaxilla; tooth, molar; tooth, premolar; maxilla",1
"premaxilla; tooth, premolar; maxilla; tooth, incisor",1
"premaxilla; tooth, premolar; tooth, canine; tooth, incisor; tooth, molar",1
"premaxilla; tooth, premolar; tooth, incisor; maxilla",1
"preoperculum",1
"prootic; prootic",1
"prootic; prootic; prootic sample",1
"pterygoid; pterygoid sample",1
"pubis; ischium",1
"quadrate; quadrate",1
"quadrate; quadrate; quadrate sample",1
"radius; femur",1
"radius; humerus",1
"radius; humerus; ulna",1
"radius; mandible; petrosal",1
"radius; radius",1
"radius; skeletal element; phalanx",1
"radius; ulna",1
"radius; ulna; humerus",1
"rib; long bone",1
"rib; radius",1
"rib; vertebra",1
"rostrum; tooth, premolar",1
"sacrum; ulna; metapodial; femur; tibia; humerus",1
"sacrum; vertebra, lumbar; innominate; ischium",1
"scaphoid; skeletal element; rib; long bone; vertebra, thoracic",1
"scapula; dentary",1
"scapula; femur",1
"scapula; humerus",1
"scapula; rib; vertebra",1
"scapula; rib; vertebra, cervical; vertebra, axis",1
"scapula; sacrum",1
"scapula; scapula",1
"sclerotic plate",1
"skeletal element; long bone",1
"skeletal element; tooth",1
"skeleton, axial",1
"skeleton, axial; carpal; skeleton, axial sample",1
"skeleton, postcranial; skeleton, postcranial sample",1
"skin; hair",1
"skin; skin",1
"skin; skin; skin; skin; skin; skin; skin; skin",1
"skin; skin; skin; skin; skin; skin; skin; skin sample; skull; tissue (frozen); tissue (frozen); tissue (frozen); tissue (frozen); tissue (frozen); tissue (frozen); tissue (frozen); tissue (frozen); tissue (frozen); tissue (frozen); tissue (frozen); tissue (frozen); tissue (frozen); tissue (frozen); hair (frozen); hair (frozen); hair (frozen); exoskeleton; dentary; muscle (frozen); muscle (frozen); muscle (frozen); muscle (frozen); bone (frozen); bone (frozen); bone (frozen); bone (frozen); bone (frozen); bone (frozen); bone (frozen); skeleton, postcranial; skeleton, postcranial; skeleton, postcranial; unknown; bone marrow (frozen); bone marrow (frozen); bone marrow (frozen); bone marrow (frozen); bone marrow (frozen); hair; unknown; unknown; muscle (frozen); muscle (frozen); unknown; unknown; hair; hair; hair; vertebra; hair; hair; hair; hair; skeleton, appendicular; hoof wall; unknown; hair (frozen); tibia; skeleton, appendicular; unknown; hair; hair; hair; dentary sample; tibia sample; hair sample; skeleton, postcranial sample; hair sample",1
"skin; skin; skull; skull; rib; humerus; scapula; metatarsal; vertebra, axis; sternum; vertebra, dorsal; vertebra, lumbar; radius; maxilla; skeleton, appendicular; skeleton, appendicular; antler",1
"skin; skull; tissue (frozen); tissue (frozen); tissue (frozen); tissue (frozen); tissue (frozen); tissue (frozen); hair (frozen); hair (frozen); sediment; sediment; sediment; sediment; sediment; sediment; sediment; sediment; sediment; sediment; sediment; skeleton, postcranial; hair (frozen); hair (frozen); hair (frozen); hair (frozen); hair (frozen); hair (frozen); hair (frozen); hair (frozen); sediment; dentary; muscle (frozen); horn; sediment; sediment; sediment; sediment; sediment; sediment; sediment; dentary sample",1
"skull; astragalus; tooth; metatarsal",1
"skull; astragalus; vertebra, thoracic; hoof wall; sternum; calcaneum; phalanx; vertebra, atlas; rib; patella; dentary; tooth; metapodial; bone; femur; tarsal; radioulna; scapula; metatarsal; vertebra; vertebra; naviculo-cuboid; tibia; metacarpal; humerus",1
"skull; dentary; hair; tusk; hair sample; dentary sample",1
"skull; dentary; tooth, premolar; tooth, molar",1
"skull; dentary; unknown; rib; vertebra, lumbar; vertebra, cervical; hair; vertebra; vertebra, thoracic; calcaneum",1
"skull; fibula; humerus; humerus; calcaneum; phalanx; phalanx; rib; rib; rib; rib; rib; rib; rib; rib; rib; rib; ilium; radius; radius; tibia; fibula; femur; femur; scapula; ischium; ischium; tibia; ulna; ulna; femur sample",1
"skull; frontal; dentary; parietal",1
"skull; horn",1
"skull; innominate",1
"skull; maxilla; tooth, molar",1
"skull; maxilla; tooth, premolar",1
"skull; nasal",1
"skull; palate",1
"skull; palate; tooth, incisor",1
"skull; palate; tooth, molar",1
"skull; palate; tooth, premolar; tooth, molar",1
"skull; phalanx; skeleton",1
"skull; premaxilla",1
"skull; premaxilla; maxilla; squamosal",1
"skull; premaxilla; tooth, molar; tooth, canine; tooth, premolar; maxilla; tooth, incisor",1
"skull; radioulna; tooth, molar; dentary; dentary sample",1
"skull; sediment",1
"skull; sediment; dentary; bone; tusk; tusk",1
"skull; sediment; sediment; sediment",1
"skull; sediment; tooth",1
"skull; skeleton; dentary",1
"skull; skeleton; femur",1
"skull; skull sample; bone; maxilla",1
"skull; skull sample; dentary",1
"skull; skull sample; tooth; tooth sample",1
"skull; skull; skull",1
"skull; skull; skull; skull; skull sample; dentary",1
"skull; squamosal; parietal",1
"skull; squamosal; parietal; frontal",1
"skull; tibia",1
"skull; tooth, canine; tooth, molar; tooth, incisor",1
"skull; tooth, canine; tooth, premolar",1
"skull; tooth, incisor; tooth, canine; tooth, molar",1
"skull; tooth, incisor; tooth, molar",1
"skull; tooth, molar; tooth, premolar; tooth, incisor",1
"skull; tooth; occipital condyle",1
"skull; tooth, premolar; tooth, premolar; tooth, molar",1
"skull; tympanic bulla; parietal; squamosal",1
"skull; vertebra, atlas; vertebra, cervical; vertebra, axis",1
"skull; vertebra, cervical; dentary",1
"skull; vertebra, cervical; dentary; vertebra, axis; vertebra, atlas",1
"skull; vertebra, cervical; scapula",1
"skull; vertebra; dentary",1
"skull; vertebra, thoracic; tusk; vertebra, thoracic; vertebra, thoracic; vertebra, thoracic; vertebra, thoracic; vertebra, thoracic",1
"splenial; splenial",1
"splenial; splenial; splenial sample",1
"squamosal; dentary; maxilla",1
"squamosal; frontal",1
"squamosal; frontal; parietal",1
"squamosal; mastoid",1
"squamosal; parietal",1
"squamosal; squamosal",1
"stapes; bone; quadrate; supratemporal; basioccipital",1
"sternum; femur",1
"sternum; quadrate; innominate; coracoid; femur; furculum; scapula; humerus",1
"supraoccipital; supraoccipital",1
"surangular; surangular",1
"surangular; surangular; surangular sample; surangular sample",1
"synsacrum; ilium",1
"syrinx",1
"tail tip (dry)",1
"tarsometatarsus; tibiotarsus",1
"tarsus",1
"tarsus; tibia",1
"tibia; calcaneum; metapodial; innominate; astragalus; femur; podial; vertebra; phalanx",1
"tibia; femur",1
"tibia; humerus",1
"tibia; rib; vertebra",1
"tibia; vertebra, lumbar; astragalus; occipital condyle",1
"tibiofibula; calcaneum",1
"tibiofibula; calcaneum; dentary; femur",1
"tibiofibula; maxilla; tooth; femur; metapodial; innominate; calcaneum",1
"tibiofibula; radius",1
"tibiofibula; scapula",1
"tibiofibula; tooth; femur; humerus",1
"tibiotarsus; humerus",1
"tibiotarsus; phalanx",1
"tooth; bone",1
"tooth, canine; maxilla; premaxilla",1
"tooth, canine; tooth, molar; tooth, premolar",1
"tooth; coprolite",1
"tooth; dentary; maxilla",1
"tooth, fang; maxilla",1
"tooth; femur",1
"tooth, incisor; cranium; tooth, molar",1
"tooth, incisor; maxilla; dentary",1
"tooth, incisor; maxilla; premaxilla",1
"tooth, incisor; tooth, incisor",1
"tooth, incisor; tympanic bulla; dentary",1
"tooth; innominate; sacrum",1
"tooth; magnum",1
"tooth; maxilla",1
"tooth; metacarpal; metatarsal",1
"tooth, molar; cranium",1
"tooth, molar; mandible; tooth, premolar; dentary; tooth, incisor",1
"tooth, molar; maxilla; tooth",1
"tooth, molar; maxilla; tooth, canine; dentary; tooth, premolar; tooth, incisor",1
"tooth, molar; maxilla; tooth, premolar; dentary; tooth, incisor",1
"tooth, molar; palate; tooth, premolar; maxilla; tooth, incisor; premaxilla",1
"tooth, molar; premaxilla",1
"tooth, molar; premaxilla; tooth, canine; tooth, incisor; tooth, premolar; maxilla",1
"tooth, molar; premaxilla; tooth, premolar; tooth, incisor; maxilla",1
"tooth, molar; tooth, incisor; maxilla; premaxilla",1
"tooth, molar; tooth, molar sample",1
"tooth, molar; tooth, molar sample; tooth, molar sample",1
"tooth, molar; tooth, molar; tooth, molar",1
"tooth, molar; tooth, premolar; dentary; dentary sample",1
"tooth, molar; tooth, premolar; dentary; palate",1
"tooth, molar; tooth, premolar; maxilla; palate",1
"tooth, molar; tooth, premolar; tooth, incisor",1
"tooth, molar; tooth, premolar; tooth, premolar; maxilla",1
"tooth, molar; tooth; tooth, premolar",1
"tooth, molar; tooth; tooth, premolar; maxilla",1
"tooth, molar; tooth; tooth, premolar; tooth, incisor",1
"tooth, molar; vertebra; dentary; tooth, incisor",1
"tooth; palate",1
"tooth; phalanx",1
"tooth; premaxilla",1
"tooth, premolar; dentary; tooth, molar",1
"tooth, premolar; maxilla; jugal",1
"tooth, premolar; maxilla; premaxilla",1
"tooth, premolar; petrosal; palate",1
"tooth, premolar; tooth, premolar",1
"tooth; radius",1
"tooth; skeletal element; palate",1
"tooth; tooth, molar",1
"tooth; tooth sample; tooth sample",1
"tooth; zygomatic arch; premaxilla",1
"trace fossil; trace fossil; trace fossil; trace fossil; trace fossil",1
"trace fossil; trace fossil; trace fossil; trace fossil; trace fossil; trace fossil; trace fossil; trace fossil",1
"tusk; tooth",1
"tusk; tooth, molar",1
"tympanic bulla; basioccipital; exoccipital",1
"tympanic bulla; exoccipital",1
"tympanic bulla; mastoid",1
"tympanic bulla; temporal",1
"ulna; calcaneum",1
"ulna; coracoid; femur; humerus",1
"ulna; femur; scapula; tooth; tooth, incisor",1
"ulna; metacarpal; metatarsal; skeletal element",1
"ulna; metatarsal; radius; phalanx",1
"ulna; neural arch",1
"ulna; phalanx; carpometacarpus; radius; carpal; humerus",1
"ulna; phalanx; metacarpal; carpal; radius",1
"ulna; podial; radius",1
"ulna; scapula",1
"ulna; tibiofibula; scapula; ischium; femur; humerus",1
"ulna; tooth",1
"ulna; ulna sample",1
"unknown; long bone",1
"unknown; phalanx",1
"unknown; tooth, molar",1
"unknown; unknown",1
"unknown; unknown; unknown",1
"unknown; unknown; unknown; unknown; unknown",1
"unknown; unknown; unknown; unknown; unknown; unknown; unknown",1
"unknown; unknown; unknown; unknown; unknown; unknown; unknown; unknown; unknown; unknown; unknown",1
"vertebra, atlas; vertebra; vertebra, axis",1
"vertebra, caudal; neural arch",1
"vertebra, cervical; metapodial; innominate",1
"vertebra, lumbar; femur",1
"vertebra, lumbar; pelvic girdle; sacrum",1
"vertebra, lumbar; sacrum",1
"vertebra, lumbar; vertebra, lumbar",1
"vertebra; skeletal element",1
"vertebra, thoracic; calcaneum; dentary; tooth, incisor",1
"vertebra, thoracic; tibia; calcaneum; metapodial; vertebra, axis; vertebra, cervical; pelvic girdle; femur; radioulna; sacrum",1
"vertebra, thoracic; vertebra, thoracic",1
"vertebra; vertebra",1
"vomer; vomer",1
"zygomatic arch; femur; vertebra; metatarsal; radius",1
